CodigoNacional;NombreEstacion;Latitud;Altura;Año;Mes;Dia;SumaDiaria
180005;Chacalluta, Arica Ap.;18&deg 21' 5'' S;63;2016;12;01;0.0
180005;Chacalluta, Arica Ap.;18&deg 21' 5'' S;63;2016;12;02;0.0
180005;Chacalluta, Arica Ap.;18&deg 21' 5'' S;63;2016;12;03;0.0
180005;Chacalluta, Arica Ap.;18&deg 21' 5'' S;63;2016;12;04;0.0
180005;Chacalluta, Arica Ap.;18&deg 21' 5'' S;63;2016;12;05;0.0
180005;Chacalluta, Arica Ap.;18&deg 21' 5'' S;63;2016;12;06;0.0
180005;Chacalluta, Arica Ap.;18&deg 21' 5'' S;63;2016;12;07;0.0
180005;Chacalluta, Arica Ap.;18&deg 21' 5'' S;63;2016;12;08;0.0
180005;Chacalluta, Arica Ap.;18&deg 21' 5'' S;63;2016;12;09;0.0
180005;Chacalluta, Arica Ap.;18&deg 21' 5'' S;63;2016;12;10;0.0
180005;Chacalluta, Arica Ap.;18&deg 21' 5'' S;63;2016;12;11;0.0
180005;Chacalluta, Arica Ap.;18&deg 21' 5'' S;63;2016;12;12;0.0
180005;Chacalluta, Arica Ap.;18&deg 21' 5'' S;63;2016;12;13;0.0
180005;Chacalluta, Arica Ap.;18&deg 21' 5'' S;63;2016;12;14;0.0
180005;Chacalluta, Arica Ap.;18&deg 21' 5'' S;63;2016;12;15;0.0
180005;Chacalluta, Arica Ap.;18&deg 21' 5'' S;63;2016;12;16;0.0
180005;Chacalluta, Arica Ap.;18&deg 21' 5'' S;63;2016;12;17;0.0
180005;Chacalluta, Arica Ap.;18&deg 21' 5'' S;63;2016;12;18;0.0
180005;Chacalluta, Arica Ap.;18&deg 21' 5'' S;63;2016;12;19;0.0
180005;Chacalluta, Arica Ap.;18&deg 21' 5'' S;63;2016;12;20;0.0
180005;Chacalluta, Arica Ap.;18&deg 21' 5'' S;63;2016;12;21;0.0
180005;Chacalluta, Arica Ap.;18&deg 21' 5'' S;63;2016;12;22;0.0
180005;Chacalluta, Arica Ap.;18&deg 21' 5'' S;63;2016;12;23;0.0
180005;Chacalluta, Arica Ap.;18&deg 21' 5'' S;63;2016;12;24;0.0
180005;Chacalluta, Arica Ap.;18&deg 21' 5'' S;63;2016;12;25;0.0
180005;Chacalluta, Arica Ap.;18&deg 21' 5'' S;63;2016;12;26;0.0
180005;Chacalluta, Arica Ap.;18&deg 21' 5'' S;63;2016;12;27;0.0
180005;Chacalluta, Arica Ap.;18&deg 21' 5'' S;63;2016;12;28;0.0
180005;Chacalluta, Arica Ap.;18&deg 21' 5'' S;63;2016;12;29;0.0
180005;Chacalluta, Arica Ap.;18&deg 21' 5'' S;63;2016;12;30;0.0
180005;Chacalluta, Arica Ap.;18&deg 21' 5'' S;63;2016;12;31;0.0
200006;Diego Aracena Iquique Ap.;20&deg 32' 23'' S;52;2016;12;01;0.0
200006;Diego Aracena Iquique Ap.;20&deg 32' 23'' S;52;2016;12;02;0.0
200006;Diego Aracena Iquique Ap.;20&deg 32' 23'' S;52;2016;12;03;0.0
200006;Diego Aracena Iquique Ap.;20&deg 32' 23'' S;52;2016;12;04;0.0
200006;Diego Aracena Iquique Ap.;20&deg 32' 23'' S;52;2016;12;05;0.0
200006;Diego Aracena Iquique Ap.;20&deg 32' 23'' S;52;2016;12;06;0.0
200006;Diego Aracena Iquique Ap.;20&deg 32' 23'' S;52;2016;12;07;0.0
200006;Diego Aracena Iquique Ap.;20&deg 32' 23'' S;52;2016;12;08;0.0
200006;Diego Aracena Iquique Ap.;20&deg 32' 23'' S;52;2016;12;09;0.0
200006;Diego Aracena Iquique Ap.;20&deg 32' 23'' S;52;2016;12;10;0.0
200006;Diego Aracena Iquique Ap.;20&deg 32' 23'' S;52;2016;12;11;0.0
200006;Diego Aracena Iquique Ap.;20&deg 32' 23'' S;52;2016;12;12;0.0
200006;Diego Aracena Iquique Ap.;20&deg 32' 23'' S;52;2016;12;13;0.0
200006;Diego Aracena Iquique Ap.;20&deg 32' 23'' S;52;2016;12;14;0.0
200006;Diego Aracena Iquique Ap.;20&deg 32' 23'' S;52;2016;12;15;0.0
200006;Diego Aracena Iquique Ap.;20&deg 32' 23'' S;52;2016;12;16;0.0
200006;Diego Aracena Iquique Ap.;20&deg 32' 23'' S;52;2016;12;17;0.0
200006;Diego Aracena Iquique Ap.;20&deg 32' 23'' S;52;2016;12;18;0.0
200006;Diego Aracena Iquique Ap.;20&deg 32' 23'' S;52;2016;12;19;0.0
200006;Diego Aracena Iquique Ap.;20&deg 32' 23'' S;52;2016;12;20;0.0
200006;Diego Aracena Iquique Ap.;20&deg 32' 23'' S;52;2016;12;21;0.0
200006;Diego Aracena Iquique Ap.;20&deg 32' 23'' S;52;2016;12;22;0.0
200006;Diego Aracena Iquique Ap.;20&deg 32' 23'' S;52;2016;12;23;0.0
200006;Diego Aracena Iquique Ap.;20&deg 32' 23'' S;52;2016;12;24;0.0
200006;Diego Aracena Iquique Ap.;20&deg 32' 23'' S;52;2016;12;25;0.0
200006;Diego Aracena Iquique Ap.;20&deg 32' 23'' S;52;2016;12;26;0.0
200006;Diego Aracena Iquique Ap.;20&deg 32' 23'' S;52;2016;12;27;0.0
200006;Diego Aracena Iquique Ap.;20&deg 32' 23'' S;52;2016;12;28;0.0
200006;Diego Aracena Iquique Ap.;20&deg 32' 23'' S;52;2016;12;29;0.0
200006;Diego Aracena Iquique Ap.;20&deg 32' 23'' S;52;2016;12;30;0.0
200006;Diego Aracena Iquique Ap.;20&deg 32' 23'' S;52;2016;12;31;0.0
220002;El Loa, Calama Ad.;22&deg 29' 43'' S;2293;2016;12;01;0.0
220002;El Loa, Calama Ad.;22&deg 29' 43'' S;2293;2016;12;02;0.0
220002;El Loa, Calama Ad.;22&deg 29' 43'' S;2293;2016;12;03;0.0
220002;El Loa, Calama Ad.;22&deg 29' 43'' S;2293;2016;12;04;0.0
220002;El Loa, Calama Ad.;22&deg 29' 43'' S;2293;2016;12;05;0.0
220002;El Loa, Calama Ad.;22&deg 29' 43'' S;2293;2016;12;06;0.0
220002;El Loa, Calama Ad.;22&deg 29' 43'' S;2293;2016;12;07;0.0
220002;El Loa, Calama Ad.;22&deg 29' 43'' S;2293;2016;12;08;0.0
220002;El Loa, Calama Ad.;22&deg 29' 43'' S;2293;2016;12;09;0.0
220002;El Loa, Calama Ad.;22&deg 29' 43'' S;2293;2016;12;10;0.0
220002;El Loa, Calama Ad.;22&deg 29' 43'' S;2293;2016;12;11;0.0
220002;El Loa, Calama Ad.;22&deg 29' 43'' S;2293;2016;12;12;0.0
220002;El Loa, Calama Ad.;22&deg 29' 43'' S;2293;2016;12;13;0.0
220002;El Loa, Calama Ad.;22&deg 29' 43'' S;2293;2016;12;14;0.0
220002;El Loa, Calama Ad.;22&deg 29' 43'' S;2293;2016;12;15;0.0
220002;El Loa, Calama Ad.;22&deg 29' 43'' S;2293;2016;12;16;0.0
220002;El Loa, Calama Ad.;22&deg 29' 43'' S;2293;2016;12;17;0.0
220002;El Loa, Calama Ad.;22&deg 29' 43'' S;2293;2016;12;18;0.0
220002;El Loa, Calama Ad.;22&deg 29' 43'' S;2293;2016;12;19;0.0
220002;El Loa, Calama Ad.;22&deg 29' 43'' S;2293;2016;12;20;0.0
220002;El Loa, Calama Ad.;22&deg 29' 43'' S;2293;2016;12;21;0.0
220002;El Loa, Calama Ad.;22&deg 29' 43'' S;2293;2016;12;22;0.0
220002;El Loa, Calama Ad.;22&deg 29' 43'' S;2293;2016;12;23;0.0
220002;El Loa, Calama Ad.;22&deg 29' 43'' S;2293;2016;12;24;0.0
220002;El Loa, Calama Ad.;22&deg 29' 43'' S;2293;2016;12;25;0.0
220002;El Loa, Calama Ad.;22&deg 29' 43'' S;2293;2016;12;26;0.0
220002;El Loa, Calama Ad.;22&deg 29' 43'' S;2293;2016;12;27;0.0
220002;El Loa, Calama Ad.;22&deg 29' 43'' S;2293;2016;12;28;0.0
220002;El Loa, Calama Ad.;22&deg 29' 43'' S;2293;2016;12;29;0.0
220002;El Loa, Calama Ad.;22&deg 29' 43'' S;2293;2016;12;30;0.0
220002;El Loa, Calama Ad.;22&deg 29' 43'' S;2293;2016;12;31;0.0
230001;Cerro Moreno  Antofagasta  Ap.;23&deg 27' 1'' S;113;2016;12;01;0.0
230001;Cerro Moreno  Antofagasta  Ap.;23&deg 27' 1'' S;113;2016;12;02;0.0
230001;Cerro Moreno  Antofagasta  Ap.;23&deg 27' 1'' S;113;2016;12;03;0.0
230001;Cerro Moreno  Antofagasta  Ap.;23&deg 27' 1'' S;113;2016;12;04;0.0
230001;Cerro Moreno  Antofagasta  Ap.;23&deg 27' 1'' S;113;2016;12;05;0.0
230001;Cerro Moreno  Antofagasta  Ap.;23&deg 27' 1'' S;113;2016;12;06;0.0
230001;Cerro Moreno  Antofagasta  Ap.;23&deg 27' 1'' S;113;2016;12;07;0.0
230001;Cerro Moreno  Antofagasta  Ap.;23&deg 27' 1'' S;113;2016;12;08;0.0
230001;Cerro Moreno  Antofagasta  Ap.;23&deg 27' 1'' S;113;2016;12;09;0.0
230001;Cerro Moreno  Antofagasta  Ap.;23&deg 27' 1'' S;113;2016;12;10;0.0
230001;Cerro Moreno  Antofagasta  Ap.;23&deg 27' 1'' S;113;2016;12;11;0.0
230001;Cerro Moreno  Antofagasta  Ap.;23&deg 27' 1'' S;113;2016;12;12;0.0
230001;Cerro Moreno  Antofagasta  Ap.;23&deg 27' 1'' S;113;2016;12;13;0.0
230001;Cerro Moreno  Antofagasta  Ap.;23&deg 27' 1'' S;113;2016;12;14;0.0
230001;Cerro Moreno  Antofagasta  Ap.;23&deg 27' 1'' S;113;2016;12;15;0.0
230001;Cerro Moreno  Antofagasta  Ap.;23&deg 27' 1'' S;113;2016;12;16;0.0
230001;Cerro Moreno  Antofagasta  Ap.;23&deg 27' 1'' S;113;2016;12;17;0.0
230001;Cerro Moreno  Antofagasta  Ap.;23&deg 27' 1'' S;113;2016;12;18;0.0
230001;Cerro Moreno  Antofagasta  Ap.;23&deg 27' 1'' S;113;2016;12;19;0.0
230001;Cerro Moreno  Antofagasta  Ap.;23&deg 27' 1'' S;113;2016;12;20;0.0
230001;Cerro Moreno  Antofagasta  Ap.;23&deg 27' 1'' S;113;2016;12;21;0.0
230001;Cerro Moreno  Antofagasta  Ap.;23&deg 27' 1'' S;113;2016;12;22;0.0
230001;Cerro Moreno  Antofagasta  Ap.;23&deg 27' 1'' S;113;2016;12;23;0.0
230001;Cerro Moreno  Antofagasta  Ap.;23&deg 27' 1'' S;113;2016;12;24;0.0
230001;Cerro Moreno  Antofagasta  Ap.;23&deg 27' 1'' S;113;2016;12;25;0.0
230001;Cerro Moreno  Antofagasta  Ap.;23&deg 27' 1'' S;113;2016;12;26;0.0
230001;Cerro Moreno  Antofagasta  Ap.;23&deg 27' 1'' S;113;2016;12;27;0.0
230001;Cerro Moreno  Antofagasta  Ap.;23&deg 27' 1'' S;113;2016;12;28;0.0
230001;Cerro Moreno  Antofagasta  Ap.;23&deg 27' 1'' S;113;2016;12;29;0.0
230001;Cerro Moreno  Antofagasta  Ap.;23&deg 27' 1'' S;113;2016;12;30;0.0
230001;Cerro Moreno  Antofagasta  Ap.;23&deg 27' 1'' S;113;2016;12;31;0.0
270001;Mataveri  Isla de Pascua Ap.;27&deg 9' 38'' S;48;2016;12;01;0.0
270001;Mataveri  Isla de Pascua Ap.;27&deg 9' 38'' S;48;2016;12;02;15.0
270001;Mataveri  Isla de Pascua Ap.;27&deg 9' 38'' S;48;2016;12;03;12.0
270001;Mataveri  Isla de Pascua Ap.;27&deg 9' 38'' S;48;2016;12;04;0.0
270001;Mataveri  Isla de Pascua Ap.;27&deg 9' 38'' S;48;2016;12;05;0.8
270001;Mataveri  Isla de Pascua Ap.;27&deg 9' 38'' S;48;2016;12;06;1.6
270001;Mataveri  Isla de Pascua Ap.;27&deg 9' 38'' S;48;2016;12;07;0.0
270001;Mataveri  Isla de Pascua Ap.;27&deg 9' 38'' S;48;2016;12;08;0.0
270001;Mataveri  Isla de Pascua Ap.;27&deg 9' 38'' S;48;2016;12;09;0.0
270001;Mataveri  Isla de Pascua Ap.;27&deg 9' 38'' S;48;2016;12;10;0.0
270001;Mataveri  Isla de Pascua Ap.;27&deg 9' 38'' S;48;2016;12;11;0.0
270001;Mataveri  Isla de Pascua Ap.;27&deg 9' 38'' S;48;2016;12;12;0.6
270001;Mataveri  Isla de Pascua Ap.;27&deg 9' 38'' S;48;2016;12;13;0.0
270001;Mataveri  Isla de Pascua Ap.;27&deg 9' 38'' S;48;2016;12;14;6.2
270001;Mataveri  Isla de Pascua Ap.;27&deg 9' 38'' S;48;2016;12;15;10.8
270001;Mataveri  Isla de Pascua Ap.;27&deg 9' 38'' S;48;2016;12;16;8.4
270001;Mataveri  Isla de Pascua Ap.;27&deg 9' 38'' S;48;2016;12;17;7.4
270001;Mataveri  Isla de Pascua Ap.;27&deg 9' 38'' S;48;2016;12;18;5.0
270001;Mataveri  Isla de Pascua Ap.;27&deg 9' 38'' S;48;2016;12;19;1.2
270001;Mataveri  Isla de Pascua Ap.;27&deg 9' 38'' S;48;2016;12;20;0.4
270001;Mataveri  Isla de Pascua Ap.;27&deg 9' 38'' S;48;2016;12;21;0.4
270001;Mataveri  Isla de Pascua Ap.;27&deg 9' 38'' S;48;2016;12;22;1.4
270001;Mataveri  Isla de Pascua Ap.;27&deg 9' 38'' S;48;2016;12;23;0.0
270001;Mataveri  Isla de Pascua Ap.;27&deg 9' 38'' S;48;2016;12;24;0.0
270001;Mataveri  Isla de Pascua Ap.;27&deg 9' 38'' S;48;2016;12;25;0.0
270001;Mataveri  Isla de Pascua Ap.;27&deg 9' 38'' S;48;2016;12;26;0.0
270001;Mataveri  Isla de Pascua Ap.;27&deg 9' 38'' S;48;2016;12;27;5.8
270001;Mataveri  Isla de Pascua Ap.;27&deg 9' 38'' S;48;2016;12;28;3.4
270001;Mataveri  Isla de Pascua Ap.;27&deg 9' 38'' S;48;2016;12;29;2.6
270001;Mataveri  Isla de Pascua Ap.;27&deg 9' 38'' S;48;2016;12;30;1.2
270001;Mataveri  Isla de Pascua Ap.;27&deg 9' 38'' S;48;2016;12;31;0.0
270008;Desierto de Atacama, Caldera  Ad.;27&deg 15' 50'' S;204;2016;12;01;0.0
270008;Desierto de Atacama, Caldera  Ad.;27&deg 15' 50'' S;204;2016;12;02;0.0
270008;Desierto de Atacama, Caldera  Ad.;27&deg 15' 50'' S;204;2016;12;03;0.0
270008;Desierto de Atacama, Caldera  Ad.;27&deg 15' 50'' S;204;2016;12;04;0.0
270008;Desierto de Atacama, Caldera  Ad.;27&deg 15' 50'' S;204;2016;12;05;0.0
270008;Desierto de Atacama, Caldera  Ad.;27&deg 15' 50'' S;204;2016;12;06;0.0
270008;Desierto de Atacama, Caldera  Ad.;27&deg 15' 50'' S;204;2016;12;07;0.0
270008;Desierto de Atacama, Caldera  Ad.;27&deg 15' 50'' S;204;2016;12;08;0.0
270008;Desierto de Atacama, Caldera  Ad.;27&deg 15' 50'' S;204;2016;12;09;0.0
270008;Desierto de Atacama, Caldera  Ad.;27&deg 15' 50'' S;204;2016;12;10;0.0
270008;Desierto de Atacama, Caldera  Ad.;27&deg 15' 50'' S;204;2016;12;11;0.0
270008;Desierto de Atacama, Caldera  Ad.;27&deg 15' 50'' S;204;2016;12;12;0.0
270008;Desierto de Atacama, Caldera  Ad.;27&deg 15' 50'' S;204;2016;12;13;0.0
270008;Desierto de Atacama, Caldera  Ad.;27&deg 15' 50'' S;204;2016;12;14;0.0
270008;Desierto de Atacama, Caldera  Ad.;27&deg 15' 50'' S;204;2016;12;15;0.0
270008;Desierto de Atacama, Caldera  Ad.;27&deg 15' 50'' S;204;2016;12;16;0.0
270008;Desierto de Atacama, Caldera  Ad.;27&deg 15' 50'' S;204;2016;12;17;0.0
270008;Desierto de Atacama, Caldera  Ad.;27&deg 15' 50'' S;204;2016;12;18;0.0
270008;Desierto de Atacama, Caldera  Ad.;27&deg 15' 50'' S;204;2016;12;19;0.0
270008;Desierto de Atacama, Caldera  Ad.;27&deg 15' 50'' S;204;2016;12;20;0.0
270008;Desierto de Atacama, Caldera  Ad.;27&deg 15' 50'' S;204;2016;12;21;0.0
270008;Desierto de Atacama, Caldera  Ad.;27&deg 15' 50'' S;204;2016;12;22;0.0
270008;Desierto de Atacama, Caldera  Ad.;27&deg 15' 50'' S;204;2016;12;23;0.0
270008;Desierto de Atacama, Caldera  Ad.;27&deg 15' 50'' S;204;2016;12;24;0.0
270008;Desierto de Atacama, Caldera  Ad.;27&deg 15' 50'' S;204;2016;12;25;0.0
270008;Desierto de Atacama, Caldera  Ad.;27&deg 15' 50'' S;204;2016;12;26;0.0
270008;Desierto de Atacama, Caldera  Ad.;27&deg 15' 50'' S;204;2016;12;27;0.0
270008;Desierto de Atacama, Caldera  Ad.;27&deg 15' 50'' S;204;2016;12;28;0.0
270008;Desierto de Atacama, Caldera  Ad.;27&deg 15' 50'' S;204;2016;12;29;0.0
270008;Desierto de Atacama, Caldera  Ad.;27&deg 15' 50'' S;204;2016;12;30;0.0
270008;Desierto de Atacama, Caldera  Ad.;27&deg 15' 50'' S;204;2016;12;31;0.0
290004;La Florida, La Serena Ad.;29&deg 55' 3'' S;142;2016;12;01;0.0
290004;La Florida, La Serena Ad.;29&deg 55' 3'' S;142;2016;12;02;0.0
290004;La Florida, La Serena Ad.;29&deg 55' 3'' S;142;2016;12;03;0.0
290004;La Florida, La Serena Ad.;29&deg 55' 3'' S;142;2016;12;04;0.0
290004;La Florida, La Serena Ad.;29&deg 55' 3'' S;142;2016;12;05;0.0
290004;La Florida, La Serena Ad.;29&deg 55' 3'' S;142;2016;12;06;0.0
290004;La Florida, La Serena Ad.;29&deg 55' 3'' S;142;2016;12;07;0.0
290004;La Florida, La Serena Ad.;29&deg 55' 3'' S;142;2016;12;08;0.6
290004;La Florida, La Serena Ad.;29&deg 55' 3'' S;142;2016;12;09;0.0
290004;La Florida, La Serena Ad.;29&deg 55' 3'' S;142;2016;12;10;0.0
290004;La Florida, La Serena Ad.;29&deg 55' 3'' S;142;2016;12;11;0.0
290004;La Florida, La Serena Ad.;29&deg 55' 3'' S;142;2016;12;12;0.0
290004;La Florida, La Serena Ad.;29&deg 55' 3'' S;142;2016;12;13;0.0
290004;La Florida, La Serena Ad.;29&deg 55' 3'' S;142;2016;12;14;0.0
290004;La Florida, La Serena Ad.;29&deg 55' 3'' S;142;2016;12;15;0.0
290004;La Florida, La Serena Ad.;29&deg 55' 3'' S;142;2016;12;16;0.0
290004;La Florida, La Serena Ad.;29&deg 55' 3'' S;142;2016;12;17;0.0
290004;La Florida, La Serena Ad.;29&deg 55' 3'' S;142;2016;12;18;0.0
290004;La Florida, La Serena Ad.;29&deg 55' 3'' S;142;2016;12;19;0.0
290004;La Florida, La Serena Ad.;29&deg 55' 3'' S;142;2016;12;20;0.0
290004;La Florida, La Serena Ad.;29&deg 55' 3'' S;142;2016;12;21;0.0
290004;La Florida, La Serena Ad.;29&deg 55' 3'' S;142;2016;12;22;0.0
290004;La Florida, La Serena Ad.;29&deg 55' 3'' S;142;2016;12;23;0.0
290004;La Florida, La Serena Ad.;29&deg 55' 3'' S;142;2016;12;24;0.0
290004;La Florida, La Serena Ad.;29&deg 55' 3'' S;142;2016;12;25;0.0
290004;La Florida, La Serena Ad.;29&deg 55' 3'' S;142;2016;12;26;0.0
290004;La Florida, La Serena Ad.;29&deg 55' 3'' S;142;2016;12;27;0.0
290004;La Florida, La Serena Ad.;29&deg 55' 3'' S;142;2016;12;28;0.0
290004;La Florida, La Serena Ad.;29&deg 55' 3'' S;142;2016;12;29;0.0
290004;La Florida, La Serena Ad.;29&deg 55' 3'' S;142;2016;12;30;0.0
290004;La Florida, La Serena Ad.;29&deg 55' 3'' S;142;2016;12;31;0.0
330007;Rodelillo, Ad.;33&deg 2' 12'' S;330;2016;12;01;0.0
330007;Rodelillo, Ad.;33&deg 2' 12'' S;330;2016;12;02;0.1
330007;Rodelillo, Ad.;33&deg 2' 12'' S;330;2016;12;03;1.5
330007;Rodelillo, Ad.;33&deg 2' 12'' S;330;2016;12;04;0.0
330007;Rodelillo, Ad.;33&deg 2' 12'' S;330;2016;12;05;0.0
330007;Rodelillo, Ad.;33&deg 2' 12'' S;330;2016;12;06;0.0
330007;Rodelillo, Ad.;33&deg 2' 12'' S;330;2016;12;07;0.0
330007;Rodelillo, Ad.;33&deg 2' 12'' S;330;2016;12;08;4.1
330007;Rodelillo, Ad.;33&deg 2' 12'' S;330;2016;12;09;0.0
330007;Rodelillo, Ad.;33&deg 2' 12'' S;330;2016;12;10;0.0
330007;Rodelillo, Ad.;33&deg 2' 12'' S;330;2016;12;11;0.0
330007;Rodelillo, Ad.;33&deg 2' 12'' S;330;2016;12;12;0.0
330007;Rodelillo, Ad.;33&deg 2' 12'' S;330;2016;12;13;0.0
330007;Rodelillo, Ad.;33&deg 2' 12'' S;330;2016;12;14;0.4
330007;Rodelillo, Ad.;33&deg 2' 12'' S;330;2016;12;15;0.2
330007;Rodelillo, Ad.;33&deg 2' 12'' S;330;2016;12;16;0.1
330007;Rodelillo, Ad.;33&deg 2' 12'' S;330;2016;12;17;0.0
330007;Rodelillo, Ad.;33&deg 2' 12'' S;330;2016;12;18;0.0
330007;Rodelillo, Ad.;33&deg 2' 12'' S;330;2016;12;19;0.0
330007;Rodelillo, Ad.;33&deg 2' 12'' S;330;2016;12;20;0.0
330007;Rodelillo, Ad.;33&deg 2' 12'' S;330;2016;12;21;0.0
330007;Rodelillo, Ad.;33&deg 2' 12'' S;330;2016;12;22;0.0
330007;Rodelillo, Ad.;33&deg 2' 12'' S;330;2016;12;23;0.0
330007;Rodelillo, Ad.;33&deg 2' 12'' S;330;2016;12;24;0.0
330007;Rodelillo, Ad.;33&deg 2' 12'' S;330;2016;12;25;10.5
330007;Rodelillo, Ad.;33&deg 2' 12'' S;330;2016;12;26;0.0
330007;Rodelillo, Ad.;33&deg 2' 12'' S;330;2016;12;27;0.0
330007;Rodelillo, Ad.;33&deg 2' 12'' S;330;2016;12;28;0.0
330007;Rodelillo, Ad.;33&deg 2' 12'' S;330;2016;12;29;0.0
330007;Rodelillo, Ad.;33&deg 2' 12'' S;330;2016;12;30;0.0
330007;Rodelillo, Ad.;33&deg 2' 12'' S;330;2016;12;31;0.0
330019;Eulogio Sánchez, Tobalaba Ad.;33&deg 27' 19'' S;650;2016;12;01;0.0
330019;Eulogio Sánchez, Tobalaba Ad.;33&deg 27' 19'' S;650;2016;12;02;0.0
330019;Eulogio Sánchez, Tobalaba Ad.;33&deg 27' 19'' S;650;2016;12;03;0.0
330019;Eulogio Sánchez, Tobalaba Ad.;33&deg 27' 19'' S;650;2016;12;04;0.0
330019;Eulogio Sánchez, Tobalaba Ad.;33&deg 27' 19'' S;650;2016;12;05;0.0
330019;Eulogio Sánchez, Tobalaba Ad.;33&deg 27' 19'' S;650;2016;12;06;0.0
330019;Eulogio Sánchez, Tobalaba Ad.;33&deg 27' 19'' S;650;2016;12;07;0.0
330019;Eulogio Sánchez, Tobalaba Ad.;33&deg 27' 19'' S;650;2016;12;08;22.3
330019;Eulogio Sánchez, Tobalaba Ad.;33&deg 27' 19'' S;650;2016;12;09;3.1
330019;Eulogio Sánchez, Tobalaba Ad.;33&deg 27' 19'' S;650;2016;12;10;0.0
330019;Eulogio Sánchez, Tobalaba Ad.;33&deg 27' 19'' S;650;2016;12;11;0.0
330019;Eulogio Sánchez, Tobalaba Ad.;33&deg 27' 19'' S;650;2016;12;12;0.0
330019;Eulogio Sánchez, Tobalaba Ad.;33&deg 27' 19'' S;650;2016;12;13;0.0
330019;Eulogio Sánchez, Tobalaba Ad.;33&deg 27' 19'' S;650;2016;12;14;0.0
330019;Eulogio Sánchez, Tobalaba Ad.;33&deg 27' 19'' S;650;2016;12;15;0.0
330019;Eulogio Sánchez, Tobalaba Ad.;33&deg 27' 19'' S;650;2016;12;16;0.0
330019;Eulogio Sánchez, Tobalaba Ad.;33&deg 27' 19'' S;650;2016;12;17;0.0
330019;Eulogio Sánchez, Tobalaba Ad.;33&deg 27' 19'' S;650;2016;12;18;0.0
330019;Eulogio Sánchez, Tobalaba Ad.;33&deg 27' 19'' S;650;2016;12;19;0.0
330019;Eulogio Sánchez, Tobalaba Ad.;33&deg 27' 19'' S;650;2016;12;20;0.0
330019;Eulogio Sánchez, Tobalaba Ad.;33&deg 27' 19'' S;650;2016;12;21;0.0
330019;Eulogio Sánchez, Tobalaba Ad.;33&deg 27' 19'' S;650;2016;12;22;0.0
330019;Eulogio Sánchez, Tobalaba Ad.;33&deg 27' 19'' S;650;2016;12;23;0.0
330019;Eulogio Sánchez, Tobalaba Ad.;33&deg 27' 19'' S;650;2016;12;24;0.0
330019;Eulogio Sánchez, Tobalaba Ad.;33&deg 27' 19'' S;650;2016;12;25;20.7
330019;Eulogio Sánchez, Tobalaba Ad.;33&deg 27' 19'' S;650;2016;12;26;13.5
330019;Eulogio Sánchez, Tobalaba Ad.;33&deg 27' 19'' S;650;2016;12;27;0.0
330019;Eulogio Sánchez, Tobalaba Ad.;33&deg 27' 19'' S;650;2016;12;28;0.0
330019;Eulogio Sánchez, Tobalaba Ad.;33&deg 27' 19'' S;650;2016;12;29;0.0
330019;Eulogio Sánchez, Tobalaba Ad.;33&deg 27' 19'' S;650;2016;12;30;0.0
330019;Eulogio Sánchez, Tobalaba Ad.;33&deg 27' 19'' S;650;2016;12;31;0.0
330020;Quinta Normal, Santiago;33&deg 26' 42'' S;534;2016;12;01;0.0
330020;Quinta Normal, Santiago;33&deg 26' 42'' S;534;2016;12;02;0.0
330020;Quinta Normal, Santiago;33&deg 26' 42'' S;534;2016;12;03;0.4
330020;Quinta Normal, Santiago;33&deg 26' 42'' S;534;2016;12;04;0.0
330020;Quinta Normal, Santiago;33&deg 26' 42'' S;534;2016;12;05;0.0
330020;Quinta Normal, Santiago;33&deg 26' 42'' S;534;2016;12;06;0.0
330020;Quinta Normal, Santiago;33&deg 26' 42'' S;534;2016;12;07;0.0
330020;Quinta Normal, Santiago;33&deg 26' 42'' S;534;2016;12;08;18.7
330020;Quinta Normal, Santiago;33&deg 26' 42'' S;534;2016;12;09;2.2
330020;Quinta Normal, Santiago;33&deg 26' 42'' S;534;2016;12;10;0.0
330020;Quinta Normal, Santiago;33&deg 26' 42'' S;534;2016;12;11;0.0
330020;Quinta Normal, Santiago;33&deg 26' 42'' S;534;2016;12;12;0.0
330020;Quinta Normal, Santiago;33&deg 26' 42'' S;534;2016;12;13;0.0
330020;Quinta Normal, Santiago;33&deg 26' 42'' S;534;2016;12;14;0.0
330020;Quinta Normal, Santiago;33&deg 26' 42'' S;534;2016;12;15;0.0
330020;Quinta Normal, Santiago;33&deg 26' 42'' S;534;2016;12;16;0.0
330020;Quinta Normal, Santiago;33&deg 26' 42'' S;534;2016;12;17;0.0
330020;Quinta Normal, Santiago;33&deg 26' 42'' S;534;2016;12;18;0.0
330020;Quinta Normal, Santiago;33&deg 26' 42'' S;534;2016;12;19;0.0
330020;Quinta Normal, Santiago;33&deg 26' 42'' S;534;2016;12;20;0.0
330020;Quinta Normal, Santiago;33&deg 26' 42'' S;534;2016;12;21;0.0
330020;Quinta Normal, Santiago;33&deg 26' 42'' S;534;2016;12;22;0.0
330020;Quinta Normal, Santiago;33&deg 26' 42'' S;534;2016;12;23;0.0
330020;Quinta Normal, Santiago;33&deg 26' 42'' S;534;2016;12;24;0.0
330020;Quinta Normal, Santiago;33&deg 26' 42'' S;534;2016;12;25;0.6
330020;Quinta Normal, Santiago;33&deg 26' 42'' S;534;2016;12;26;1.7
330020;Quinta Normal, Santiago;33&deg 26' 42'' S;534;2016;12;27;0.0
330020;Quinta Normal, Santiago;33&deg 26' 42'' S;534;2016;12;28;0.0
330020;Quinta Normal, Santiago;33&deg 26' 42'' S;534;2016;12;29;0.0
330020;Quinta Normal, Santiago;33&deg 26' 42'' S;534;2016;12;30;0.0
330020;Quinta Normal, Santiago;33&deg 26' 42'' S;534;2016;12;31;0.0
330021;Pudahuel Santiago ;33&deg 23' 31'' S;482;2016;12;01;0.0
330021;Pudahuel Santiago ;33&deg 23' 31'' S;482;2016;12;02;0.0
330021;Pudahuel Santiago ;33&deg 23' 31'' S;482;2016;12;03;0.2
330021;Pudahuel Santiago ;33&deg 23' 31'' S;482;2016;12;04;0.0
330021;Pudahuel Santiago ;33&deg 23' 31'' S;482;2016;12;05;0.0
330021;Pudahuel Santiago ;33&deg 23' 31'' S;482;2016;12;06;0.0
330021;Pudahuel Santiago ;33&deg 23' 31'' S;482;2016;12;07;0.0
330021;Pudahuel Santiago ;33&deg 23' 31'' S;482;2016;12;08;13.4
330021;Pudahuel Santiago ;33&deg 23' 31'' S;482;2016;12;09;1.0
330021;Pudahuel Santiago ;33&deg 23' 31'' S;482;2016;12;10;0.0
330021;Pudahuel Santiago ;33&deg 23' 31'' S;482;2016;12;11;0.0
330021;Pudahuel Santiago ;33&deg 23' 31'' S;482;2016;12;12;0.0
330021;Pudahuel Santiago ;33&deg 23' 31'' S;482;2016;12;13;0.0
330021;Pudahuel Santiago ;33&deg 23' 31'' S;482;2016;12;14;0.0
330021;Pudahuel Santiago ;33&deg 23' 31'' S;482;2016;12;15;0.0
330021;Pudahuel Santiago ;33&deg 23' 31'' S;482;2016;12;16;0.0
330021;Pudahuel Santiago ;33&deg 23' 31'' S;482;2016;12;17;0.0
330021;Pudahuel Santiago ;33&deg 23' 31'' S;482;2016;12;18;0.0
330021;Pudahuel Santiago ;33&deg 23' 31'' S;482;2016;12;19;0.0
330021;Pudahuel Santiago ;33&deg 23' 31'' S;482;2016;12;20;0.0
330021;Pudahuel Santiago ;33&deg 23' 31'' S;482;2016;12;21;0.0
330021;Pudahuel Santiago ;33&deg 23' 31'' S;482;2016;12;22;0.0
330021;Pudahuel Santiago ;33&deg 23' 31'' S;482;2016;12;23;0.0
330021;Pudahuel Santiago ;33&deg 23' 31'' S;482;2016;12;24;0.0
330021;Pudahuel Santiago ;33&deg 23' 31'' S;482;2016;12;25;0.0
330021;Pudahuel Santiago ;33&deg 23' 31'' S;482;2016;12;26;0.4
330021;Pudahuel Santiago ;33&deg 23' 31'' S;482;2016;12;27;0.0
330021;Pudahuel Santiago ;33&deg 23' 31'' S;482;2016;12;28;0.0
330021;Pudahuel Santiago ;33&deg 23' 31'' S;482;2016;12;29;0.0
330021;Pudahuel Santiago ;33&deg 23' 31'' S;482;2016;12;30;0.0
330021;Pudahuel Santiago ;33&deg 23' 31'' S;482;2016;12;31;0.0
330030;Santo Domingo, Ad.;33&deg 39' 18'' S;75;2016;12;01;0.0
330030;Santo Domingo, Ad.;33&deg 39' 18'' S;75;2016;12;02;0.0
330030;Santo Domingo, Ad.;33&deg 39' 18'' S;75;2016;12;03;0.0
330030;Santo Domingo, Ad.;33&deg 39' 18'' S;75;2016;12;04;0.0
330030;Santo Domingo, Ad.;33&deg 39' 18'' S;75;2016;12;05;0.0
330030;Santo Domingo, Ad.;33&deg 39' 18'' S;75;2016;12;06;0.0
330030;Santo Domingo, Ad.;33&deg 39' 18'' S;75;2016;12;07;0.0
330030;Santo Domingo, Ad.;33&deg 39' 18'' S;75;2016;12;08;5.6
330030;Santo Domingo, Ad.;33&deg 39' 18'' S;75;2016;12;09;0.0
330030;Santo Domingo, Ad.;33&deg 39' 18'' S;75;2016;12;10;0.0
330030;Santo Domingo, Ad.;33&deg 39' 18'' S;75;2016;12;11;0.0
330030;Santo Domingo, Ad.;33&deg 39' 18'' S;75;2016;12;12;0.0
330030;Santo Domingo, Ad.;33&deg 39' 18'' S;75;2016;12;13;0.0
330030;Santo Domingo, Ad.;33&deg 39' 18'' S;75;2016;12;14;0.0
330030;Santo Domingo, Ad.;33&deg 39' 18'' S;75;2016;12;15;0.0
330030;Santo Domingo, Ad.;33&deg 39' 18'' S;75;2016;12;16;0.0
330030;Santo Domingo, Ad.;33&deg 39' 18'' S;75;2016;12;17;0.0
330030;Santo Domingo, Ad.;33&deg 39' 18'' S;75;2016;12;18;0.0
330030;Santo Domingo, Ad.;33&deg 39' 18'' S;75;2016;12;19;0.0
330030;Santo Domingo, Ad.;33&deg 39' 18'' S;75;2016;12;20;0.0
330030;Santo Domingo, Ad.;33&deg 39' 18'' S;75;2016;12;21;0.0
330030;Santo Domingo, Ad.;33&deg 39' 18'' S;75;2016;12;22;0.0
330030;Santo Domingo, Ad.;33&deg 39' 18'' S;75;2016;12;23;0.0
330030;Santo Domingo, Ad.;33&deg 39' 18'' S;75;2016;12;24;0.0
330030;Santo Domingo, Ad.;33&deg 39' 18'' S;75;2016;12;25;14.8
330030;Santo Domingo, Ad.;33&deg 39' 18'' S;75;2016;12;26;0.2
330030;Santo Domingo, Ad.;33&deg 39' 18'' S;75;2016;12;27;0.0
330030;Santo Domingo, Ad.;33&deg 39' 18'' S;75;2016;12;28;0.0
330030;Santo Domingo, Ad.;33&deg 39' 18'' S;75;2016;12;29;0.0
330030;Santo Domingo, Ad.;33&deg 39' 18'' S;75;2016;12;30;0.0
330030;Santo Domingo, Ad.;33&deg 39' 18'' S;75;2016;12;31;0.0
330031;Juan Fernández, Estación Meteorológica.;33&deg 38' 9'' S;40;2016;12;01;0.0
330031;Juan Fernández, Estación Meteorológica.;33&deg 38' 9'' S;40;2016;12;02;0.0
330031;Juan Fernández, Estación Meteorológica.;33&deg 38' 9'' S;40;2016;12;03;0.5
330031;Juan Fernández, Estación Meteorológica.;33&deg 38' 9'' S;40;2016;12;04;0.1
330031;Juan Fernández, Estación Meteorológica.;33&deg 38' 9'' S;40;2016;12;05;0.0
330031;Juan Fernández, Estación Meteorológica.;33&deg 38' 9'' S;40;2016;12;06;0.2
330031;Juan Fernández, Estación Meteorológica.;33&deg 38' 9'' S;40;2016;12;07;0.7
330031;Juan Fernández, Estación Meteorológica.;33&deg 38' 9'' S;40;2016;12;08;0.7
330031;Juan Fernández, Estación Meteorológica.;33&deg 38' 9'' S;40;2016;12;09;0.0
330031;Juan Fernández, Estación Meteorológica.;33&deg 38' 9'' S;40;2016;12;10;0.0
330031;Juan Fernández, Estación Meteorológica.;33&deg 38' 9'' S;40;2016;12;11;0.1
330031;Juan Fernández, Estación Meteorológica.;33&deg 38' 9'' S;40;2016;12;12;0.0
330031;Juan Fernández, Estación Meteorológica.;33&deg 38' 9'' S;40;2016;12;13;0.0
330031;Juan Fernández, Estación Meteorológica.;33&deg 38' 9'' S;40;2016;12;14;9.0
330031;Juan Fernández, Estación Meteorológica.;33&deg 38' 9'' S;40;2016;12;15;0.0
330031;Juan Fernández, Estación Meteorológica.;33&deg 38' 9'' S;40;2016;12;16;2.2
330031;Juan Fernández, Estación Meteorológica.;33&deg 38' 9'' S;40;2016;12;17;0.0
330031;Juan Fernández, Estación Meteorológica.;33&deg 38' 9'' S;40;2016;12;18;0.0
330031;Juan Fernández, Estación Meteorológica.;33&deg 38' 9'' S;40;2016;12;19;0.0
330031;Juan Fernández, Estación Meteorológica.;33&deg 38' 9'' S;40;2016;12;20;2.1
330031;Juan Fernández, Estación Meteorológica.;33&deg 38' 9'' S;40;2016;12;21;0.1
330031;Juan Fernández, Estación Meteorológica.;33&deg 38' 9'' S;40;2016;12;22;0.0
330031;Juan Fernández, Estación Meteorológica.;33&deg 38' 9'' S;40;2016;12;23;0.0
330031;Juan Fernández, Estación Meteorológica.;33&deg 38' 9'' S;40;2016;12;24;4.8
330031;Juan Fernández, Estación Meteorológica.;33&deg 38' 9'' S;40;2016;12;25;2.4
330031;Juan Fernández, Estación Meteorológica.;33&deg 38' 9'' S;40;2016;12;26;0.6
330031;Juan Fernández, Estación Meteorológica.;33&deg 38' 9'' S;40;2016;12;27;2.6
330031;Juan Fernández, Estación Meteorológica.;33&deg 38' 9'' S;40;2016;12;28;15.0
330031;Juan Fernández, Estación Meteorológica.;33&deg 38' 9'' S;40;2016;12;29;0.0
330031;Juan Fernández, Estación Meteorológica.;33&deg 38' 9'' S;40;2016;12;30;1.7
330031;Juan Fernández, Estación Meteorológica.;33&deg 38' 9'' S;40;2016;12;31;0.0
340031;General Freire, Curicó Ad.;34&deg 57' 59'' S;230;2016;12;01;0.0
340031;General Freire, Curicó Ad.;34&deg 57' 59'' S;230;2016;12;02;0.0
340031;General Freire, Curicó Ad.;34&deg 57' 59'' S;230;2016;12;03;0.0
340031;General Freire, Curicó Ad.;34&deg 57' 59'' S;230;2016;12;04;0.0
340031;General Freire, Curicó Ad.;34&deg 57' 59'' S;230;2016;12;05;0.0
340031;General Freire, Curicó Ad.;34&deg 57' 59'' S;230;2016;12;06;0.0
340031;General Freire, Curicó Ad.;34&deg 57' 59'' S;230;2016;12;07;0.0
340031;General Freire, Curicó Ad.;34&deg 57' 59'' S;230;2016;12;08;0.0
340031;General Freire, Curicó Ad.;34&deg 57' 59'' S;230;2016;12;09;0.0
340031;General Freire, Curicó Ad.;34&deg 57' 59'' S;230;2016;12;10;0.0
340031;General Freire, Curicó Ad.;34&deg 57' 59'' S;230;2016;12;11;0.0
340031;General Freire, Curicó Ad.;34&deg 57' 59'' S;230;2016;12;12;0.0
340031;General Freire, Curicó Ad.;34&deg 57' 59'' S;230;2016;12;13;0.0
340031;General Freire, Curicó Ad.;34&deg 57' 59'' S;230;2016;12;14;0.0
340031;General Freire, Curicó Ad.;34&deg 57' 59'' S;230;2016;12;15;0.0
340031;General Freire, Curicó Ad.;34&deg 57' 59'' S;230;2016;12;16;0.0
340031;General Freire, Curicó Ad.;34&deg 57' 59'' S;230;2016;12;17;0.0
340031;General Freire, Curicó Ad.;34&deg 57' 59'' S;230;2016;12;18;0.0
340031;General Freire, Curicó Ad.;34&deg 57' 59'' S;230;2016;12;19;0.0
340031;General Freire, Curicó Ad.;34&deg 57' 59'' S;230;2016;12;20;0.0
340031;General Freire, Curicó Ad.;34&deg 57' 59'' S;230;2016;12;21;0.0
340031;General Freire, Curicó Ad.;34&deg 57' 59'' S;230;2016;12;22;0.0
340031;General Freire, Curicó Ad.;34&deg 57' 59'' S;230;2016;12;23;0.0
340031;General Freire, Curicó Ad.;34&deg 57' 59'' S;230;2016;12;24;0.0
340031;General Freire, Curicó Ad.;34&deg 57' 59'' S;230;2016;12;25;0.0
340031;General Freire, Curicó Ad.;34&deg 57' 59'' S;230;2016;12;26;0.0
340031;General Freire, Curicó Ad.;34&deg 57' 59'' S;230;2016;12;27;0.0
340031;General Freire, Curicó Ad.;34&deg 57' 59'' S;230;2016;12;28;0.0
340031;General Freire, Curicó Ad.;34&deg 57' 59'' S;230;2016;12;29;0.0
340031;General Freire, Curicó Ad.;34&deg 57' 59'' S;230;2016;12;30;0.0
340031;General Freire, Curicó Ad.;34&deg 57' 59'' S;230;2016;12;31;0.0
360011;General Bernardo O'Higgins, Chillán Ad.;36&deg 35' 14'' S;151;2016;12;01;0.0
360011;General Bernardo O'Higgins, Chillán Ad.;36&deg 35' 14'' S;151;2016;12;02;0.0
360011;General Bernardo O'Higgins, Chillán Ad.;36&deg 35' 14'' S;151;2016;12;03;0.0
360011;General Bernardo O'Higgins, Chillán Ad.;36&deg 35' 14'' S;151;2016;12;04;6.0
360011;General Bernardo O'Higgins, Chillán Ad.;36&deg 35' 14'' S;151;2016;12;05;0.0
360011;General Bernardo O'Higgins, Chillán Ad.;36&deg 35' 14'' S;151;2016;12;06;0.0
360011;General Bernardo O'Higgins, Chillán Ad.;36&deg 35' 14'' S;151;2016;12;07;0.0
360011;General Bernardo O'Higgins, Chillán Ad.;36&deg 35' 14'' S;151;2016;12;08;0.0
360011;General Bernardo O'Higgins, Chillán Ad.;36&deg 35' 14'' S;151;2016;12;09;0.0
360011;General Bernardo O'Higgins, Chillán Ad.;36&deg 35' 14'' S;151;2016;12;10;0.0
360011;General Bernardo O'Higgins, Chillán Ad.;36&deg 35' 14'' S;151;2016;12;11;0.0
360011;General Bernardo O'Higgins, Chillán Ad.;36&deg 35' 14'' S;151;2016;12;12;0.0
360011;General Bernardo O'Higgins, Chillán Ad.;36&deg 35' 14'' S;151;2016;12;13;0.0
360011;General Bernardo O'Higgins, Chillán Ad.;36&deg 35' 14'' S;151;2016;12;14;0.0
360011;General Bernardo O'Higgins, Chillán Ad.;36&deg 35' 14'' S;151;2016;12;15;0.0
360011;General Bernardo O'Higgins, Chillán Ad.;36&deg 35' 14'' S;151;2016;12;16;0.0
360011;General Bernardo O'Higgins, Chillán Ad.;36&deg 35' 14'' S;151;2016;12;17;2.0
360011;General Bernardo O'Higgins, Chillán Ad.;36&deg 35' 14'' S;151;2016;12;18;0.0
360011;General Bernardo O'Higgins, Chillán Ad.;36&deg 35' 14'' S;151;2016;12;19;0.0
360011;General Bernardo O'Higgins, Chillán Ad.;36&deg 35' 14'' S;151;2016;12;20;1.2
360011;General Bernardo O'Higgins, Chillán Ad.;36&deg 35' 14'' S;151;2016;12;21;0.0
360011;General Bernardo O'Higgins, Chillán Ad.;36&deg 35' 14'' S;151;2016;12;22;0.0
360011;General Bernardo O'Higgins, Chillán Ad.;36&deg 35' 14'' S;151;2016;12;23;0.0
360011;General Bernardo O'Higgins, Chillán Ad.;36&deg 35' 14'' S;151;2016;12;24;0.0
360011;General Bernardo O'Higgins, Chillán Ad.;36&deg 35' 14'' S;151;2016;12;25;17.2
360011;General Bernardo O'Higgins, Chillán Ad.;36&deg 35' 14'' S;151;2016;12;26;0.0
360011;General Bernardo O'Higgins, Chillán Ad.;36&deg 35' 14'' S;151;2016;12;27;0.0
360011;General Bernardo O'Higgins, Chillán Ad.;36&deg 35' 14'' S;151;2016;12;28;0.0
360011;General Bernardo O'Higgins, Chillán Ad.;36&deg 35' 14'' S;151;2016;12;29;0.0
360011;General Bernardo O'Higgins, Chillán Ad.;36&deg 35' 14'' S;151;2016;12;30;0.0
360011;General Bernardo O'Higgins, Chillán Ad.;36&deg 35' 14'' S;151;2016;12;31;0.0
360019;Carriel Sur, Concepción.;36&deg 46' 42'' S;17;2016;12;01;0.0
360019;Carriel Sur, Concepción.;36&deg 46' 42'' S;17;2016;12;02;0.0
360019;Carriel Sur, Concepción.;36&deg 46' 42'' S;17;2016;12;03;0.0
360019;Carriel Sur, Concepción.;36&deg 46' 42'' S;17;2016;12;04;9.4
360019;Carriel Sur, Concepción.;36&deg 46' 42'' S;17;2016;12;05;0.0
360019;Carriel Sur, Concepción.;36&deg 46' 42'' S;17;2016;12;06;0.0
360019;Carriel Sur, Concepción.;36&deg 46' 42'' S;17;2016;12;07;0.0
360019;Carriel Sur, Concepción.;36&deg 46' 42'' S;17;2016;12;08;0.0
360019;Carriel Sur, Concepción.;36&deg 46' 42'' S;17;2016;12;09;0.2
360019;Carriel Sur, Concepción.;36&deg 46' 42'' S;17;2016;12;10;0.0
360019;Carriel Sur, Concepción.;36&deg 46' 42'' S;17;2016;12;11;1.0
360019;Carriel Sur, Concepción.;36&deg 46' 42'' S;17;2016;12;12;0.0
360019;Carriel Sur, Concepción.;36&deg 46' 42'' S;17;2016;12;13;0.0
360019;Carriel Sur, Concepción.;36&deg 46' 42'' S;17;2016;12;14;0.0
360019;Carriel Sur, Concepción.;36&deg 46' 42'' S;17;2016;12;15;0.0
360019;Carriel Sur, Concepción.;36&deg 46' 42'' S;17;2016;12;16;0.0
360019;Carriel Sur, Concepción.;36&deg 46' 42'' S;17;2016;12;17;1.0
360019;Carriel Sur, Concepción.;36&deg 46' 42'' S;17;2016;12;18;0.0
360019;Carriel Sur, Concepción.;36&deg 46' 42'' S;17;2016;12;19;0.0
360019;Carriel Sur, Concepción.;36&deg 46' 42'' S;17;2016;12;20;0.6
360019;Carriel Sur, Concepción.;36&deg 46' 42'' S;17;2016;12;21;0.0
360019;Carriel Sur, Concepción.;36&deg 46' 42'' S;17;2016;12;22;0.0
360019;Carriel Sur, Concepción.;36&deg 46' 42'' S;17;2016;12;23;0.0
360019;Carriel Sur, Concepción.;36&deg 46' 42'' S;17;2016;12;24;16.8
360019;Carriel Sur, Concepción.;36&deg 46' 42'' S;17;2016;12;25;3.0
360019;Carriel Sur, Concepción.;36&deg 46' 42'' S;17;2016;12;26;0.0
360019;Carriel Sur, Concepción.;36&deg 46' 42'' S;17;2016;12;27;0.0
360019;Carriel Sur, Concepción.;36&deg 46' 42'' S;17;2016;12;28;0.0
360019;Carriel Sur, Concepción.;36&deg 46' 42'' S;17;2016;12;29;0.4
360019;Carriel Sur, Concepción.;36&deg 46' 42'' S;17;2016;12;30;0.0
360019;Carriel Sur, Concepción.;36&deg 46' 42'' S;17;2016;12;31;0.0
370033;María Dolores, Los Angeles Ad.;37&deg 24' 10'' S;120;2016;12;01;0.0
370033;María Dolores, Los Angeles Ad.;37&deg 24' 10'' S;120;2016;12;02;0.0
370033;María Dolores, Los Angeles Ad.;37&deg 24' 10'' S;120;2016;12;03;0.0
370033;María Dolores, Los Angeles Ad.;37&deg 24' 10'' S;120;2016;12;04;16.0
370033;María Dolores, Los Angeles Ad.;37&deg 24' 10'' S;120;2016;12;05;0.0
370033;María Dolores, Los Angeles Ad.;37&deg 24' 10'' S;120;2016;12;06;0.0
370033;María Dolores, Los Angeles Ad.;37&deg 24' 10'' S;120;2016;12;07;0.0
370033;María Dolores, Los Angeles Ad.;37&deg 24' 10'' S;120;2016;12;08;0.0
370033;María Dolores, Los Angeles Ad.;37&deg 24' 10'' S;120;2016;12;09;0.0
370033;María Dolores, Los Angeles Ad.;37&deg 24' 10'' S;120;2016;12;10;0.1
370033;María Dolores, Los Angeles Ad.;37&deg 24' 10'' S;120;2016;12;11;0.0
370033;María Dolores, Los Angeles Ad.;37&deg 24' 10'' S;120;2016;12;12;0.0
370033;María Dolores, Los Angeles Ad.;37&deg 24' 10'' S;120;2016;12;13;0.0
370033;María Dolores, Los Angeles Ad.;37&deg 24' 10'' S;120;2016;12;14;0.0
370033;María Dolores, Los Angeles Ad.;37&deg 24' 10'' S;120;2016;12;15;0.0
370033;María Dolores, Los Angeles Ad.;37&deg 24' 10'' S;120;2016;12;16;0.0
370033;María Dolores, Los Angeles Ad.;37&deg 24' 10'' S;120;2016;12;17;0.0
370033;María Dolores, Los Angeles Ad.;37&deg 24' 10'' S;120;2016;12;18;0.0
370033;María Dolores, Los Angeles Ad.;37&deg 24' 10'' S;120;2016;12;19;0.0
370033;María Dolores, Los Angeles Ad.;37&deg 24' 10'' S;120;2016;12;20;0.3
370033;María Dolores, Los Angeles Ad.;37&deg 24' 10'' S;120;2016;12;21;0.0
370033;María Dolores, Los Angeles Ad.;37&deg 24' 10'' S;120;2016;12;22;0.0
370033;María Dolores, Los Angeles Ad.;37&deg 24' 10'' S;120;2016;12;23;0.0
370033;María Dolores, Los Angeles Ad.;37&deg 24' 10'' S;120;2016;12;24;10.5
370033;María Dolores, Los Angeles Ad.;37&deg 24' 10'' S;120;2016;12;25;28.4
370033;María Dolores, Los Angeles Ad.;37&deg 24' 10'' S;120;2016;12;26;0.0
370033;María Dolores, Los Angeles Ad.;37&deg 24' 10'' S;120;2016;12;27;0.0
370033;María Dolores, Los Angeles Ad.;37&deg 24' 10'' S;120;2016;12;28;0.0
370033;María Dolores, Los Angeles Ad.;37&deg 24' 10'' S;120;2016;12;29;0.0
370033;María Dolores, Los Angeles Ad.;37&deg 24' 10'' S;120;2016;12;30;0.0
370033;María Dolores, Los Angeles Ad.;37&deg 24' 10'' S;120;2016;12;31;0.0
380013;Maquehue, Temuco Ad.;38&deg 46' 4'' S;86;2016;12;01;0.0
380013;Maquehue, Temuco Ad.;38&deg 46' 4'' S;86;2016;12;02;0.0
380013;Maquehue, Temuco Ad.;38&deg 46' 4'' S;86;2016;12;03;0.0
380013;Maquehue, Temuco Ad.;38&deg 46' 4'' S;86;2016;12;04;11.9
380013;Maquehue, Temuco Ad.;38&deg 46' 4'' S;86;2016;12;05;3.5
380013;Maquehue, Temuco Ad.;38&deg 46' 4'' S;86;2016;12;06;0.0
380013;Maquehue, Temuco Ad.;38&deg 46' 4'' S;86;2016;12;07;0.0
380013;Maquehue, Temuco Ad.;38&deg 46' 4'' S;86;2016;12;08;0.1
380013;Maquehue, Temuco Ad.;38&deg 46' 4'' S;86;2016;12;09;7.3
380013;Maquehue, Temuco Ad.;38&deg 46' 4'' S;86;2016;12;10;6.8
380013;Maquehue, Temuco Ad.;38&deg 46' 4'' S;86;2016;12;11;1.9
380013;Maquehue, Temuco Ad.;38&deg 46' 4'' S;86;2016;12;12;0.0
380013;Maquehue, Temuco Ad.;38&deg 46' 4'' S;86;2016;12;13;0.0
380013;Maquehue, Temuco Ad.;38&deg 46' 4'' S;86;2016;12;14;0.0
380013;Maquehue, Temuco Ad.;38&deg 46' 4'' S;86;2016;12;15;0.0
380013;Maquehue, Temuco Ad.;38&deg 46' 4'' S;86;2016;12;16;1.0
380013;Maquehue, Temuco Ad.;38&deg 46' 4'' S;86;2016;12;17;0.2
380013;Maquehue, Temuco Ad.;38&deg 46' 4'' S;86;2016;12;18;0.0
380013;Maquehue, Temuco Ad.;38&deg 46' 4'' S;86;2016;12;19;0.0
380013;Maquehue, Temuco Ad.;38&deg 46' 4'' S;86;2016;12;20;18.1
380013;Maquehue, Temuco Ad.;38&deg 46' 4'' S;86;2016;12;21;0.0
380013;Maquehue, Temuco Ad.;38&deg 46' 4'' S;86;2016;12;22;0.0
380013;Maquehue, Temuco Ad.;38&deg 46' 4'' S;86;2016;12;23;0.0
380013;Maquehue, Temuco Ad.;38&deg 46' 4'' S;86;2016;12;24;5.3
380013;Maquehue, Temuco Ad.;38&deg 46' 4'' S;86;2016;12;25;25.7
380013;Maquehue, Temuco Ad.;38&deg 46' 4'' S;86;2016;12;26;0.0
380013;Maquehue, Temuco Ad.;38&deg 46' 4'' S;86;2016;12;27;0.0
380013;Maquehue, Temuco Ad.;38&deg 46' 4'' S;86;2016;12;28;0.0
380013;Maquehue, Temuco Ad.;38&deg 46' 4'' S;86;2016;12;29;0.0
380013;Maquehue, Temuco Ad.;38&deg 46' 4'' S;86;2016;12;30;0.7
380013;Maquehue, Temuco Ad.;38&deg 46' 4'' S;86;2016;12;31;0.8
390006;Pichoy, Valdivia Ad.;39&deg 39' 2'' S;21;2016;12;01;0.0
390006;Pichoy, Valdivia Ad.;39&deg 39' 2'' S;21;2016;12;02;0.0
390006;Pichoy, Valdivia Ad.;39&deg 39' 2'' S;21;2016;12;03;0.0
390006;Pichoy, Valdivia Ad.;39&deg 39' 2'' S;21;2016;12;04;16.8
390006;Pichoy, Valdivia Ad.;39&deg 39' 2'' S;21;2016;12;05;0.0
390006;Pichoy, Valdivia Ad.;39&deg 39' 2'' S;21;2016;12;06;0.0
390006;Pichoy, Valdivia Ad.;39&deg 39' 2'' S;21;2016;12;07;0.0
390006;Pichoy, Valdivia Ad.;39&deg 39' 2'' S;21;2016;12;08;0.0
390006;Pichoy, Valdivia Ad.;39&deg 39' 2'' S;21;2016;12;09;1.2
390006;Pichoy, Valdivia Ad.;39&deg 39' 2'' S;21;2016;12;10;0.4
390006;Pichoy, Valdivia Ad.;39&deg 39' 2'' S;21;2016;12;11;9.0
390006;Pichoy, Valdivia Ad.;39&deg 39' 2'' S;21;2016;12;12;0.0
390006;Pichoy, Valdivia Ad.;39&deg 39' 2'' S;21;2016;12;13;0.0
390006;Pichoy, Valdivia Ad.;39&deg 39' 2'' S;21;2016;12;14;0.0
390006;Pichoy, Valdivia Ad.;39&deg 39' 2'' S;21;2016;12;15;0.0
390006;Pichoy, Valdivia Ad.;39&deg 39' 2'' S;21;2016;12;16;10.0
390006;Pichoy, Valdivia Ad.;39&deg 39' 2'' S;21;2016;12;17;0.0
390006;Pichoy, Valdivia Ad.;39&deg 39' 2'' S;21;2016;12;18;0.0
390006;Pichoy, Valdivia Ad.;39&deg 39' 2'' S;21;2016;12;19;0.0
390006;Pichoy, Valdivia Ad.;39&deg 39' 2'' S;21;2016;12;20;28.1
390006;Pichoy, Valdivia Ad.;39&deg 39' 2'' S;21;2016;12;21;0.4
390006;Pichoy, Valdivia Ad.;39&deg 39' 2'' S;21;2016;12;22;0.0
390006;Pichoy, Valdivia Ad.;39&deg 39' 2'' S;21;2016;12;23;0.0
390006;Pichoy, Valdivia Ad.;39&deg 39' 2'' S;21;2016;12;24;17.2
390006;Pichoy, Valdivia Ad.;39&deg 39' 2'' S;21;2016;12;25;1.0
390006;Pichoy, Valdivia Ad.;39&deg 39' 2'' S;21;2016;12;26;0.0
390006;Pichoy, Valdivia Ad.;39&deg 39' 2'' S;21;2016;12;27;0.0
390006;Pichoy, Valdivia Ad.;39&deg 39' 2'' S;21;2016;12;28;0.0
390006;Pichoy, Valdivia Ad.;39&deg 39' 2'' S;21;2016;12;29;0.0
390006;Pichoy, Valdivia Ad.;39&deg 39' 2'' S;21;2016;12;30;2.6
390006;Pichoy, Valdivia Ad.;39&deg 39' 2'' S;21;2016;12;31;0.0
400009;Cañal Bajo,  Osorno Ad.;40&deg 36' 18'' S;61;2016;12;01;0.0
400009;Cañal Bajo,  Osorno Ad.;40&deg 36' 18'' S;61;2016;12;02;0.0
400009;Cañal Bajo,  Osorno Ad.;40&deg 36' 18'' S;61;2016;12;03;0.0
400009;Cañal Bajo,  Osorno Ad.;40&deg 36' 18'' S;61;2016;12;04;5.8
400009;Cañal Bajo,  Osorno Ad.;40&deg 36' 18'' S;61;2016;12;05;0.0
400009;Cañal Bajo,  Osorno Ad.;40&deg 36' 18'' S;61;2016;12;06;0.0
400009;Cañal Bajo,  Osorno Ad.;40&deg 36' 18'' S;61;2016;12;07;0.0
400009;Cañal Bajo,  Osorno Ad.;40&deg 36' 18'' S;61;2016;12;08;0.0
400009;Cañal Bajo,  Osorno Ad.;40&deg 36' 18'' S;61;2016;12;09;0.8
400009;Cañal Bajo,  Osorno Ad.;40&deg 36' 18'' S;61;2016;12;10;0.0
400009;Cañal Bajo,  Osorno Ad.;40&deg 36' 18'' S;61;2016;12;11;7.5
400009;Cañal Bajo,  Osorno Ad.;40&deg 36' 18'' S;61;2016;12;12;0.8
400009;Cañal Bajo,  Osorno Ad.;40&deg 36' 18'' S;61;2016;12;13;0.0
400009;Cañal Bajo,  Osorno Ad.;40&deg 36' 18'' S;61;2016;12;14;0.0
400009;Cañal Bajo,  Osorno Ad.;40&deg 36' 18'' S;61;2016;12;15;0.0
400009;Cañal Bajo,  Osorno Ad.;40&deg 36' 18'' S;61;2016;12;16;6.1
400009;Cañal Bajo,  Osorno Ad.;40&deg 36' 18'' S;61;2016;12;17;0.0
400009;Cañal Bajo,  Osorno Ad.;40&deg 36' 18'' S;61;2016;12;18;0.0
400009;Cañal Bajo,  Osorno Ad.;40&deg 36' 18'' S;61;2016;12;19;0.0
400009;Cañal Bajo,  Osorno Ad.;40&deg 36' 18'' S;61;2016;12;20;11.8
400009;Cañal Bajo,  Osorno Ad.;40&deg 36' 18'' S;61;2016;12;21;3.0
400009;Cañal Bajo,  Osorno Ad.;40&deg 36' 18'' S;61;2016;12;22;0.0
400009;Cañal Bajo,  Osorno Ad.;40&deg 36' 18'' S;61;2016;12;23;0.0
400009;Cañal Bajo,  Osorno Ad.;40&deg 36' 18'' S;61;2016;12;24;24.3
400009;Cañal Bajo,  Osorno Ad.;40&deg 36' 18'' S;61;2016;12;25;17.1
400009;Cañal Bajo,  Osorno Ad.;40&deg 36' 18'' S;61;2016;12;26;0.0
400009;Cañal Bajo,  Osorno Ad.;40&deg 36' 18'' S;61;2016;12;27;0.0
400009;Cañal Bajo,  Osorno Ad.;40&deg 36' 18'' S;61;2016;12;28;0.0
400009;Cañal Bajo,  Osorno Ad.;40&deg 36' 18'' S;61;2016;12;29;0.0
400009;Cañal Bajo,  Osorno Ad.;40&deg 36' 18'' S;61;2016;12;30;0.0
400009;Cañal Bajo,  Osorno Ad.;40&deg 36' 18'' S;61;2016;12;31;0.0
410005;El Tepual  Puerto Montt Ap.;41&deg 26' 6'' S;85;2016;12;01;1.0
410005;El Tepual  Puerto Montt Ap.;41&deg 26' 6'' S;85;2016;12;02;0.0
410005;El Tepual  Puerto Montt Ap.;41&deg 26' 6'' S;85;2016;12;03;0.0
410005;El Tepual  Puerto Montt Ap.;41&deg 26' 6'' S;85;2016;12;04;2.6
410005;El Tepual  Puerto Montt Ap.;41&deg 26' 6'' S;85;2016;12;05;1.6
410005;El Tepual  Puerto Montt Ap.;41&deg 26' 6'' S;85;2016;12;06;0.2
410005;El Tepual  Puerto Montt Ap.;41&deg 26' 6'' S;85;2016;12;07;0.0
410005;El Tepual  Puerto Montt Ap.;41&deg 26' 6'' S;85;2016;12;08;0.0
410005;El Tepual  Puerto Montt Ap.;41&deg 26' 6'' S;85;2016;12;09;12.4
410005;El Tepual  Puerto Montt Ap.;41&deg 26' 6'' S;85;2016;12;10;1.8
410005;El Tepual  Puerto Montt Ap.;41&deg 26' 6'' S;85;2016;12;11;12.6
410005;El Tepual  Puerto Montt Ap.;41&deg 26' 6'' S;85;2016;12;12;2.2
410005;El Tepual  Puerto Montt Ap.;41&deg 26' 6'' S;85;2016;12;13;0.0
410005;El Tepual  Puerto Montt Ap.;41&deg 26' 6'' S;85;2016;12;14;0.0
410005;El Tepual  Puerto Montt Ap.;41&deg 26' 6'' S;85;2016;12;15;0.0
410005;El Tepual  Puerto Montt Ap.;41&deg 26' 6'' S;85;2016;12;16;14.8
410005;El Tepual  Puerto Montt Ap.;41&deg 26' 6'' S;85;2016;12;17;0.0
410005;El Tepual  Puerto Montt Ap.;41&deg 26' 6'' S;85;2016;12;18;0.0
410005;El Tepual  Puerto Montt Ap.;41&deg 26' 6'' S;85;2016;12;19;1.0
410005;El Tepual  Puerto Montt Ap.;41&deg 26' 6'' S;85;2016;12;20;18.4
410005;El Tepual  Puerto Montt Ap.;41&deg 26' 6'' S;85;2016;12;21;0.2
410005;El Tepual  Puerto Montt Ap.;41&deg 26' 6'' S;85;2016;12;22;0.0
410005;El Tepual  Puerto Montt Ap.;41&deg 26' 6'' S;85;2016;12;23;0.0
410005;El Tepual  Puerto Montt Ap.;41&deg 26' 6'' S;85;2016;12;24;20.4
410005;El Tepual  Puerto Montt Ap.;41&deg 26' 6'' S;85;2016;12;25;4.2
410005;El Tepual  Puerto Montt Ap.;41&deg 26' 6'' S;85;2016;12;26;0.0
410005;El Tepual  Puerto Montt Ap.;41&deg 26' 6'' S;85;2016;12;27;0.0
410005;El Tepual  Puerto Montt Ap.;41&deg 26' 6'' S;85;2016;12;28;0.0
410005;El Tepual  Puerto Montt Ap.;41&deg 26' 6'' S;85;2016;12;29;0.0
410005;El Tepual  Puerto Montt Ap.;41&deg 26' 6'' S;85;2016;12;30;6.0
410005;El Tepual  Puerto Montt Ap.;41&deg 26' 6'' S;85;2016;12;31;1.6
430002;Futaleufú Ad.;43&deg 11' 20'' S;347;2016;12;01;0.0
430002;Futaleufú Ad.;43&deg 11' 20'' S;347;2016;12;02;0.0
430002;Futaleufú Ad.;43&deg 11' 20'' S;347;2016;12;03;0.0
430002;Futaleufú Ad.;43&deg 11' 20'' S;347;2016;12;04;2.2
430002;Futaleufú Ad.;43&deg 11' 20'' S;347;2016;12;05;0.2
430002;Futaleufú Ad.;43&deg 11' 20'' S;347;2016;12;06;0.0
430002;Futaleufú Ad.;43&deg 11' 20'' S;347;2016;12;07;0.0
430002;Futaleufú Ad.;43&deg 11' 20'' S;347;2016;12;08;0.0
430002;Futaleufú Ad.;43&deg 11' 20'' S;347;2016;12;09;3.4
430002;Futaleufú Ad.;43&deg 11' 20'' S;347;2016;12;10;0.2
430002;Futaleufú Ad.;43&deg 11' 20'' S;347;2016;12;11;15.8
430002;Futaleufú Ad.;43&deg 11' 20'' S;347;2016;12;12;0.0
430002;Futaleufú Ad.;43&deg 11' 20'' S;347;2016;12;13;0.0
430002;Futaleufú Ad.;43&deg 11' 20'' S;347;2016;12;14;0.0
430002;Futaleufú Ad.;43&deg 11' 20'' S;347;2016;12;15;0.0
430002;Futaleufú Ad.;43&deg 11' 20'' S;347;2016;12;16;2.4
430002;Futaleufú Ad.;43&deg 11' 20'' S;347;2016;12;17;0.0
430002;Futaleufú Ad.;43&deg 11' 20'' S;347;2016;12;18;0.0
430002;Futaleufú Ad.;43&deg 11' 20'' S;347;2016;12;19;10.4
430002;Futaleufú Ad.;43&deg 11' 20'' S;347;2016;12;20;24.4
430002;Futaleufú Ad.;43&deg 11' 20'' S;347;2016;12;21;2.0
430002;Futaleufú Ad.;43&deg 11' 20'' S;347;2016;12;22;0.0
430002;Futaleufú Ad.;43&deg 11' 20'' S;347;2016;12;23;0.0
430002;Futaleufú Ad.;43&deg 11' 20'' S;347;2016;12;24;7.0
430002;Futaleufú Ad.;43&deg 11' 20'' S;347;2016;12;25;0.2
430002;Futaleufú Ad.;43&deg 11' 20'' S;347;2016;12;26;0.0
430002;Futaleufú Ad.;43&deg 11' 20'' S;347;2016;12;27;0.0
430002;Futaleufú Ad.;43&deg 11' 20'' S;347;2016;12;28;0.0
430002;Futaleufú Ad.;43&deg 11' 20'' S;347;2016;12;29;0.0
430002;Futaleufú Ad.;43&deg 11' 20'' S;347;2016;12;30;13.2
430002;Futaleufú Ad.;43&deg 11' 20'' S;347;2016;12;31;1.0
430004;Alto Palena Ad.;43&deg 36' 42'' S;281;2016;12;01;0.0
430004;Alto Palena Ad.;43&deg 36' 42'' S;281;2016;12;02;0.0
430004;Alto Palena Ad.;43&deg 36' 42'' S;281;2016;12;03;0.0
430004;Alto Palena Ad.;43&deg 36' 42'' S;281;2016;12;04;3.4
430004;Alto Palena Ad.;43&deg 36' 42'' S;281;2016;12;05;0.4
430004;Alto Palena Ad.;43&deg 36' 42'' S;281;2016;12;06;0.0
430004;Alto Palena Ad.;43&deg 36' 42'' S;281;2016;12;07;0.0
430004;Alto Palena Ad.;43&deg 36' 42'' S;281;2016;12;08;0.0
430004;Alto Palena Ad.;43&deg 36' 42'' S;281;2016;12;09;4.6
430004;Alto Palena Ad.;43&deg 36' 42'' S;281;2016;12;10;4.0
430004;Alto Palena Ad.;43&deg 36' 42'' S;281;2016;12;11;18.8
430004;Alto Palena Ad.;43&deg 36' 42'' S;281;2016;12;12;0.1
430004;Alto Palena Ad.;43&deg 36' 42'' S;281;2016;12;13;0.0
430004;Alto Palena Ad.;43&deg 36' 42'' S;281;2016;12;14;0.0
430004;Alto Palena Ad.;43&deg 36' 42'' S;281;2016;12;15;0.0
430004;Alto Palena Ad.;43&deg 36' 42'' S;281;2016;12;16;1.9
430004;Alto Palena Ad.;43&deg 36' 42'' S;281;2016;12;17;0.0
430004;Alto Palena Ad.;43&deg 36' 42'' S;281;2016;12;18;0.0
430004;Alto Palena Ad.;43&deg 36' 42'' S;281;2016;12;19;10.2
430004;Alto Palena Ad.;43&deg 36' 42'' S;281;2016;12;20;5.6
430004;Alto Palena Ad.;43&deg 36' 42'' S;281;2016;12;21;0.0
430004;Alto Palena Ad.;43&deg 36' 42'' S;281;2016;12;22;0.0
430004;Alto Palena Ad.;43&deg 36' 42'' S;281;2016;12;23;0.0
430004;Alto Palena Ad.;43&deg 36' 42'' S;281;2016;12;24;0.4
430004;Alto Palena Ad.;43&deg 36' 42'' S;281;2016;12;25;0.0
430004;Alto Palena Ad.;43&deg 36' 42'' S;281;2016;12;26;0.0
430004;Alto Palena Ad.;43&deg 36' 42'' S;281;2016;12;27;0.0
430004;Alto Palena Ad.;43&deg 36' 42'' S;281;2016;12;28;0.0
430004;Alto Palena Ad.;43&deg 36' 42'' S;281;2016;12;29;0.0
430004;Alto Palena Ad.;43&deg 36' 42'' S;281;2016;12;30;0.0
450001;Puerto Aysén Ad.;45&deg 23' 58'' S;11;2016;12;01;0.7
450001;Puerto Aysén Ad.;45&deg 23' 58'' S;11;2016;12;02;0.0
450001;Puerto Aysén Ad.;45&deg 23' 58'' S;11;2016;12;04;1.7
450001;Puerto Aysén Ad.;45&deg 23' 58'' S;11;2016;12;05;0.0
450001;Puerto Aysén Ad.;45&deg 23' 58'' S;11;2016;12;06;0.5
450001;Puerto Aysén Ad.;45&deg 23' 58'' S;11;2016;12;07;0.0
450001;Puerto Aysén Ad.;45&deg 23' 58'' S;11;2016;12;08;0.0
450001;Puerto Aysén Ad.;45&deg 23' 58'' S;11;2016;12;09;9.6
450001;Puerto Aysén Ad.;45&deg 23' 58'' S;11;2016;12;10;2.6
450001;Puerto Aysén Ad.;45&deg 23' 58'' S;11;2016;12;11;26.9
450001;Puerto Aysén Ad.;45&deg 23' 58'' S;11;2016;12;12;1.5
450001;Puerto Aysén Ad.;45&deg 23' 58'' S;11;2016;12;13;0.3
450001;Puerto Aysén Ad.;45&deg 23' 58'' S;11;2016;12;14;43.7
450001;Puerto Aysén Ad.;45&deg 23' 58'' S;11;2016;12;15;17.2
450001;Puerto Aysén Ad.;45&deg 23' 58'' S;11;2016;12;16;1.9
450001;Puerto Aysén Ad.;45&deg 23' 58'' S;11;2016;12;18;9.0
450001;Puerto Aysén Ad.;45&deg 23' 58'' S;11;2016;12;19;17.7
450001;Puerto Aysén Ad.;45&deg 23' 58'' S;11;2016;12;20;23.4
450001;Puerto Aysén Ad.;45&deg 23' 58'' S;11;2016;12;21;9.5
450001;Puerto Aysén Ad.;45&deg 23' 58'' S;11;2016;12;22;1.7
450001;Puerto Aysén Ad.;45&deg 23' 58'' S;11;2016;12;23;0.0
450001;Puerto Aysén Ad.;45&deg 23' 58'' S;11;2016;12;25;10.2
450001;Puerto Aysén Ad.;45&deg 23' 58'' S;11;2016;12;26;0.0
450001;Puerto Aysén Ad.;45&deg 23' 58'' S;11;2016;12;27;4.0
450001;Puerto Aysén Ad.;45&deg 23' 58'' S;11;2016;12;28;0.1
450001;Puerto Aysén Ad.;45&deg 23' 58'' S;11;2016;12;29;0.0
450001;Puerto Aysén Ad.;45&deg 23' 58'' S;11;2016;12;30;0.0
450004;Teniente Vidal, Coyhaique Ad.;45&deg 35' 38'' S;310;2016;12;01;0.0
450004;Teniente Vidal, Coyhaique Ad.;45&deg 35' 38'' S;310;2016;12;02;0.0
450004;Teniente Vidal, Coyhaique Ad.;45&deg 35' 38'' S;310;2016;12;03;0.0
450004;Teniente Vidal, Coyhaique Ad.;45&deg 35' 38'' S;310;2016;12;04;5.8
450004;Teniente Vidal, Coyhaique Ad.;45&deg 35' 38'' S;310;2016;12;05;0.0
450004;Teniente Vidal, Coyhaique Ad.;45&deg 35' 38'' S;310;2016;12;06;0.0
450004;Teniente Vidal, Coyhaique Ad.;45&deg 35' 38'' S;310;2016;12;07;0.0
450004;Teniente Vidal, Coyhaique Ad.;45&deg 35' 38'' S;310;2016;12;08;0.0
450004;Teniente Vidal, Coyhaique Ad.;45&deg 35' 38'' S;310;2016;12;09;0.4
450004;Teniente Vidal, Coyhaique Ad.;45&deg 35' 38'' S;310;2016;12;10;0.2
450004;Teniente Vidal, Coyhaique Ad.;45&deg 35' 38'' S;310;2016;12;11;8.2
450004;Teniente Vidal, Coyhaique Ad.;45&deg 35' 38'' S;310;2016;12;12;0.0
450004;Teniente Vidal, Coyhaique Ad.;45&deg 35' 38'' S;310;2016;12;13;0.0
450004;Teniente Vidal, Coyhaique Ad.;45&deg 35' 38'' S;310;2016;12;14;8.8
450004;Teniente Vidal, Coyhaique Ad.;45&deg 35' 38'' S;310;2016;12;15;3.6
450004;Teniente Vidal, Coyhaique Ad.;45&deg 35' 38'' S;310;2016;12;16;2.2
450004;Teniente Vidal, Coyhaique Ad.;45&deg 35' 38'' S;310;2016;12;17;0.0
450004;Teniente Vidal, Coyhaique Ad.;45&deg 35' 38'' S;310;2016;12;18;0.8
450004;Teniente Vidal, Coyhaique Ad.;45&deg 35' 38'' S;310;2016;12;19;6.4
450004;Teniente Vidal, Coyhaique Ad.;45&deg 35' 38'' S;310;2016;12;20;10.2
450004;Teniente Vidal, Coyhaique Ad.;45&deg 35' 38'' S;310;2016;12;21;0.2
450004;Teniente Vidal, Coyhaique Ad.;45&deg 35' 38'' S;310;2016;12;22;0.0
450004;Teniente Vidal, Coyhaique Ad.;45&deg 35' 38'' S;310;2016;12;23;0.0
450004;Teniente Vidal, Coyhaique Ad.;45&deg 35' 38'' S;310;2016;12;24;0.6
450004;Teniente Vidal, Coyhaique Ad.;45&deg 35' 38'' S;310;2016;12;25;0.0
450004;Teniente Vidal, Coyhaique Ad.;45&deg 35' 38'' S;310;2016;12;26;0.0
450004;Teniente Vidal, Coyhaique Ad.;45&deg 35' 38'' S;310;2016;12;27;0.2
450004;Teniente Vidal, Coyhaique Ad.;45&deg 35' 38'' S;310;2016;12;28;0.0
450004;Teniente Vidal, Coyhaique Ad.;45&deg 35' 38'' S;310;2016;12;29;0.0
450004;Teniente Vidal, Coyhaique Ad.;45&deg 35' 38'' S;310;2016;12;30;5.4
450004;Teniente Vidal, Coyhaique Ad.;45&deg 35' 38'' S;310;2016;12;31;0.8
450005;Balmaceda Ad.;45&deg 54' 46'' S;517;2016;12;01;0.0
450005;Balmaceda Ad.;45&deg 54' 46'' S;517;2016;12;02;0.0
450005;Balmaceda Ad.;45&deg 54' 46'' S;517;2016;12;03;0.0
450005;Balmaceda Ad.;45&deg 54' 46'' S;517;2016;12;04;0.4
450005;Balmaceda Ad.;45&deg 54' 46'' S;517;2016;12;05;0.0
450005;Balmaceda Ad.;45&deg 54' 46'' S;517;2016;12;06;0.0
450005;Balmaceda Ad.;45&deg 54' 46'' S;517;2016;12;07;0.0
450005;Balmaceda Ad.;45&deg 54' 46'' S;517;2016;12;08;0.0
450005;Balmaceda Ad.;45&deg 54' 46'' S;517;2016;12;09;0.0
450005;Balmaceda Ad.;45&deg 54' 46'' S;517;2016;12;10;0.0
450005;Balmaceda Ad.;45&deg 54' 46'' S;517;2016;12;11;4.8
450005;Balmaceda Ad.;45&deg 54' 46'' S;517;2016;12;12;0.0
450005;Balmaceda Ad.;45&deg 54' 46'' S;517;2016;12;13;0.0
450005;Balmaceda Ad.;45&deg 54' 46'' S;517;2016;12;14;0.0
450005;Balmaceda Ad.;45&deg 54' 46'' S;517;2016;12;15;2.0
450005;Balmaceda Ad.;45&deg 54' 46'' S;517;2016;12;16;2.0
450005;Balmaceda Ad.;45&deg 54' 46'' S;517;2016;12;17;0.0
450005;Balmaceda Ad.;45&deg 54' 46'' S;517;2016;12;18;0.0
450005;Balmaceda Ad.;45&deg 54' 46'' S;517;2016;12;19;0.0
450005;Balmaceda Ad.;45&deg 54' 46'' S;517;2016;12;20;4.4
450005;Balmaceda Ad.;45&deg 54' 46'' S;517;2016;12;21;0.0
450005;Balmaceda Ad.;45&deg 54' 46'' S;517;2016;12;22;0.0
450005;Balmaceda Ad.;45&deg 54' 46'' S;517;2016;12;23;0.0
450005;Balmaceda Ad.;45&deg 54' 46'' S;517;2016;12;24;0.0
450005;Balmaceda Ad.;45&deg 54' 46'' S;517;2016;12;25;0.0
450005;Balmaceda Ad.;45&deg 54' 46'' S;517;2016;12;26;0.0
450005;Balmaceda Ad.;45&deg 54' 46'' S;517;2016;12;27;0.0
450005;Balmaceda Ad.;45&deg 54' 46'' S;517;2016;12;28;0.0
450005;Balmaceda Ad.;45&deg 54' 46'' S;517;2016;12;29;0.0
450005;Balmaceda Ad.;45&deg 54' 46'' S;517;2016;12;30;0.4
450005;Balmaceda Ad.;45&deg 54' 46'' S;517;2016;12;31;1.0
460001;Chile Chico Ad.;46&deg 34' 51'' S;306;2016;12;01;0.0
460001;Chile Chico Ad.;46&deg 34' 51'' S;306;2016;12;02;0.0
460001;Chile Chico Ad.;46&deg 34' 51'' S;306;2016;12;04;0.4
460001;Chile Chico Ad.;46&deg 34' 51'' S;306;2016;12;05;0.0
460001;Chile Chico Ad.;46&deg 34' 51'' S;306;2016;12;06;0.0
460001;Chile Chico Ad.;46&deg 34' 51'' S;306;2016;12;07;0.0
460001;Chile Chico Ad.;46&deg 34' 51'' S;306;2016;12;08;0.0
460001;Chile Chico Ad.;46&deg 34' 51'' S;306;2016;12;09;0.0
460001;Chile Chico Ad.;46&deg 34' 51'' S;306;2016;12;11;0.0
460001;Chile Chico Ad.;46&deg 34' 51'' S;306;2016;12;12;0.0
460001;Chile Chico Ad.;46&deg 34' 51'' S;306;2016;12;13;0.0
460001;Chile Chico Ad.;46&deg 34' 51'' S;306;2016;12;14;0.0
460001;Chile Chico Ad.;46&deg 34' 51'' S;306;2016;12;15;0.4
460001;Chile Chico Ad.;46&deg 34' 51'' S;306;2016;12;16;0.0
460001;Chile Chico Ad.;46&deg 34' 51'' S;306;2016;12;18;0.0
460001;Chile Chico Ad.;46&deg 34' 51'' S;306;2016;12;19;0.0
460001;Chile Chico Ad.;46&deg 34' 51'' S;306;2016;12;20;0.8
460001;Chile Chico Ad.;46&deg 34' 51'' S;306;2016;12;21;0.0
460001;Chile Chico Ad.;46&deg 34' 51'' S;306;2016;12;22;0.0
460001;Chile Chico Ad.;46&deg 34' 51'' S;306;2016;12;23;0.0
460001;Chile Chico Ad.;46&deg 34' 51'' S;306;2016;12;25;0.0
460001;Chile Chico Ad.;46&deg 34' 51'' S;306;2016;12;26;0.0
460001;Chile Chico Ad.;46&deg 34' 51'' S;306;2016;12;27;0.0
460001;Chile Chico Ad.;46&deg 34' 51'' S;306;2016;12;28;0.0
460001;Chile Chico Ad.;46&deg 34' 51'' S;306;2016;12;29;0.0
460001;Chile Chico Ad.;46&deg 34' 51'' S;306;2016;12;30;0.0
470001;Lord Cochrane Ad.;47&deg 14' 38'' S;204;2016;12;01;0.0
470001;Lord Cochrane Ad.;47&deg 14' 38'' S;204;2016;12;02;0.0
470001;Lord Cochrane Ad.;47&deg 14' 38'' S;204;2016;12;04;0.4
470001;Lord Cochrane Ad.;47&deg 14' 38'' S;204;2016;12;05;0.0
470001;Lord Cochrane Ad.;47&deg 14' 38'' S;204;2016;12;06;0.0
470001;Lord Cochrane Ad.;47&deg 14' 38'' S;204;2016;12;07;0.0
470001;Lord Cochrane Ad.;47&deg 14' 38'' S;204;2016;12;08;0.0
470001;Lord Cochrane Ad.;47&deg 14' 38'' S;204;2016;12;09;0.0
470001;Lord Cochrane Ad.;47&deg 14' 38'' S;204;2016;12;11;0.0
470001;Lord Cochrane Ad.;47&deg 14' 38'' S;204;2016;12;12;0.0
470001;Lord Cochrane Ad.;47&deg 14' 38'' S;204;2016;12;13;0.0
470001;Lord Cochrane Ad.;47&deg 14' 38'' S;204;2016;12;14;0.0
470001;Lord Cochrane Ad.;47&deg 14' 38'' S;204;2016;12;15;6.8
470001;Lord Cochrane Ad.;47&deg 14' 38'' S;204;2016;12;16;2.1
470001;Lord Cochrane Ad.;47&deg 14' 38'' S;204;2016;12;18;14.4
470001;Lord Cochrane Ad.;47&deg 14' 38'' S;204;2016;12;19;14.0
470001;Lord Cochrane Ad.;47&deg 14' 38'' S;204;2016;12;20;11.5
470001;Lord Cochrane Ad.;47&deg 14' 38'' S;204;2016;12;21;0.0
470001;Lord Cochrane Ad.;47&deg 14' 38'' S;204;2016;12;22;0.0
470001;Lord Cochrane Ad.;47&deg 14' 38'' S;204;2016;12;23;0.0
470001;Lord Cochrane Ad.;47&deg 14' 38'' S;204;2016;12;25;0.0
470001;Lord Cochrane Ad.;47&deg 14' 38'' S;204;2016;12;26;0.0
470001;Lord Cochrane Ad.;47&deg 14' 38'' S;204;2016;12;27;0.0
470001;Lord Cochrane Ad.;47&deg 14' 38'' S;204;2016;12;28;0.0
470001;Lord Cochrane Ad.;47&deg 14' 38'' S;204;2016;12;29;0.0
470001;Lord Cochrane Ad.;47&deg 14' 38'' S;204;2016;12;30;0.0
510005;Teniente Gallardo, Puerto Natales Ad.;51&deg 40' 2'' S;69;2016;12;01;0.0
510005;Teniente Gallardo, Puerto Natales Ad.;51&deg 40' 2'' S;69;2016;12;02;0.5
510005;Teniente Gallardo, Puerto Natales Ad.;51&deg 40' 2'' S;69;2016;12;03;0.7
510005;Teniente Gallardo, Puerto Natales Ad.;51&deg 40' 2'' S;69;2016;12;04;0.0
510005;Teniente Gallardo, Puerto Natales Ad.;51&deg 40' 2'' S;69;2016;12;05;0.0
510005;Teniente Gallardo, Puerto Natales Ad.;51&deg 40' 2'' S;69;2016;12;06;0.0
510005;Teniente Gallardo, Puerto Natales Ad.;51&deg 40' 2'' S;69;2016;12;07;0.0
510005;Teniente Gallardo, Puerto Natales Ad.;51&deg 40' 2'' S;69;2016;12;08;0.0
510005;Teniente Gallardo, Puerto Natales Ad.;51&deg 40' 2'' S;69;2016;12;09;0.0
510005;Teniente Gallardo, Puerto Natales Ad.;51&deg 40' 2'' S;69;2016;12;10;0.0
510005;Teniente Gallardo, Puerto Natales Ad.;51&deg 40' 2'' S;69;2016;12;11;12.2
510005;Teniente Gallardo, Puerto Natales Ad.;51&deg 40' 2'' S;69;2016;12;12;0.0
510005;Teniente Gallardo, Puerto Natales Ad.;51&deg 40' 2'' S;69;2016;12;13;0.0
510005;Teniente Gallardo, Puerto Natales Ad.;51&deg 40' 2'' S;69;2016;12;14;2.1
510005;Teniente Gallardo, Puerto Natales Ad.;51&deg 40' 2'' S;69;2016;12;15;6.7
510005;Teniente Gallardo, Puerto Natales Ad.;51&deg 40' 2'' S;69;2016;12;16;1.2
510005;Teniente Gallardo, Puerto Natales Ad.;51&deg 40' 2'' S;69;2016;12;17;0.0
510005;Teniente Gallardo, Puerto Natales Ad.;51&deg 40' 2'' S;69;2016;12;18;3.4
510005;Teniente Gallardo, Puerto Natales Ad.;51&deg 40' 2'' S;69;2016;12;19;0.8
510005;Teniente Gallardo, Puerto Natales Ad.;51&deg 40' 2'' S;69;2016;12;20;0.0
510005;Teniente Gallardo, Puerto Natales Ad.;51&deg 40' 2'' S;69;2016;12;21;4.0
510005;Teniente Gallardo, Puerto Natales Ad.;51&deg 40' 2'' S;69;2016;12;22;0.5
510005;Teniente Gallardo, Puerto Natales Ad.;51&deg 40' 2'' S;69;2016;12;23;1.3
510005;Teniente Gallardo, Puerto Natales Ad.;51&deg 40' 2'' S;69;2016;12;24;4.1
510005;Teniente Gallardo, Puerto Natales Ad.;51&deg 40' 2'' S;69;2016;12;25;0.0
510005;Teniente Gallardo, Puerto Natales Ad.;51&deg 40' 2'' S;69;2016;12;26;0.0
510005;Teniente Gallardo, Puerto Natales Ad.;51&deg 40' 2'' S;69;2016;12;27;0.0
510005;Teniente Gallardo, Puerto Natales Ad.;51&deg 40' 2'' S;69;2016;12;28;0.2
510005;Teniente Gallardo, Puerto Natales Ad.;51&deg 40' 2'' S;69;2016;12;29;2.4
510005;Teniente Gallardo, Puerto Natales Ad.;51&deg 40' 2'' S;69;2016;12;30;8.1
510005;Teniente Gallardo, Puerto Natales Ad.;51&deg 40' 2'' S;69;2016;12;31;0.0
520006;Carlos Ibañez, Punta Arenas Ap.;53&deg 0' 12'' S;38;2016;12;01;0.0
520006;Carlos Ibañez, Punta Arenas Ap.;53&deg 0' 12'' S;38;2016;12;02;1.4
520006;Carlos Ibañez, Punta Arenas Ap.;53&deg 0' 12'' S;38;2016;12;03;0.8
520006;Carlos Ibañez, Punta Arenas Ap.;53&deg 0' 12'' S;38;2016;12;04;0.0
520006;Carlos Ibañez, Punta Arenas Ap.;53&deg 0' 12'' S;38;2016;12;05;0.2
520006;Carlos Ibañez, Punta Arenas Ap.;53&deg 0' 12'' S;38;2016;12;06;0.0
520006;Carlos Ibañez, Punta Arenas Ap.;53&deg 0' 12'' S;38;2016;12;07;0.0
520006;Carlos Ibañez, Punta Arenas Ap.;53&deg 0' 12'' S;38;2016;12;08;0.4
520006;Carlos Ibañez, Punta Arenas Ap.;53&deg 0' 12'' S;38;2016;12;09;0.2
520006;Carlos Ibañez, Punta Arenas Ap.;53&deg 0' 12'' S;38;2016;12;10;1.4
520006;Carlos Ibañez, Punta Arenas Ap.;53&deg 0' 12'' S;38;2016;12;11;0.8
520006;Carlos Ibañez, Punta Arenas Ap.;53&deg 0' 12'' S;38;2016;12;12;0.0
520006;Carlos Ibañez, Punta Arenas Ap.;53&deg 0' 12'' S;38;2016;12;13;2.2
520006;Carlos Ibañez, Punta Arenas Ap.;53&deg 0' 12'' S;38;2016;12;14;0.0
520006;Carlos Ibañez, Punta Arenas Ap.;53&deg 0' 12'' S;38;2016;12;15;1.4
520006;Carlos Ibañez, Punta Arenas Ap.;53&deg 0' 12'' S;38;2016;12;16;1.6
520006;Carlos Ibañez, Punta Arenas Ap.;53&deg 0' 12'' S;38;2016;12;17;0.4
520006;Carlos Ibañez, Punta Arenas Ap.;53&deg 0' 12'' S;38;2016;12;18;0.4
520006;Carlos Ibañez, Punta Arenas Ap.;53&deg 0' 12'' S;38;2016;12;19;0.8
520006;Carlos Ibañez, Punta Arenas Ap.;53&deg 0' 12'' S;38;2016;12;20;0.4
520006;Carlos Ibañez, Punta Arenas Ap.;53&deg 0' 12'' S;38;2016;12;21;7.0
520006;Carlos Ibañez, Punta Arenas Ap.;53&deg 0' 12'' S;38;2016;12;22;1.2
520006;Carlos Ibañez, Punta Arenas Ap.;53&deg 0' 12'' S;38;2016;12;23;4.8
520006;Carlos Ibañez, Punta Arenas Ap.;53&deg 0' 12'' S;38;2016;12;24;1.0
520006;Carlos Ibañez, Punta Arenas Ap.;53&deg 0' 12'' S;38;2016;12;25;0.0
520006;Carlos Ibañez, Punta Arenas Ap.;53&deg 0' 12'' S;38;2016;12;26;0.0
520006;Carlos Ibañez, Punta Arenas Ap.;53&deg 0' 12'' S;38;2016;12;27;0.0
520006;Carlos Ibañez, Punta Arenas Ap.;53&deg 0' 12'' S;38;2016;12;28;0.0
520006;Carlos Ibañez, Punta Arenas Ap.;53&deg 0' 12'' S;38;2016;12;29;0.0
520006;Carlos Ibañez, Punta Arenas Ap.;53&deg 0' 12'' S;38;2016;12;30;6.0
520006;Carlos Ibañez, Punta Arenas Ap.;53&deg 0' 12'' S;38;2016;12;31;0.6
530005;Fuentes Martínez, Porvenir Ad.;53&deg 15' 13'' S;25;2016;12;01;1.3
530005;Fuentes Martínez, Porvenir Ad.;53&deg 15' 13'' S;25;2016;12;02;1.4
530005;Fuentes Martínez, Porvenir Ad.;53&deg 15' 13'' S;25;2016;12;04;0.0
530005;Fuentes Martínez, Porvenir Ad.;53&deg 15' 13'' S;25;2016;12;05;1.7
530005;Fuentes Martínez, Porvenir Ad.;53&deg 15' 13'' S;25;2016;12;06;2.2
530005;Fuentes Martínez, Porvenir Ad.;53&deg 15' 13'' S;25;2016;12;07;0.0
530005;Fuentes Martínez, Porvenir Ad.;53&deg 15' 13'' S;25;2016;12;08;0.0
530005;Fuentes Martínez, Porvenir Ad.;53&deg 15' 13'' S;25;2016;12;09;0.0
530005;Fuentes Martínez, Porvenir Ad.;53&deg 15' 13'' S;25;2016;12;11;0.0
530005;Fuentes Martínez, Porvenir Ad.;53&deg 15' 13'' S;25;2016;12;12;0.0
530005;Fuentes Martínez, Porvenir Ad.;53&deg 15' 13'' S;25;2016;12;13;3.6
530005;Fuentes Martínez, Porvenir Ad.;53&deg 15' 13'' S;25;2016;12;14;0.0
530005;Fuentes Martínez, Porvenir Ad.;53&deg 15' 13'' S;25;2016;12;15;1.3
530005;Fuentes Martínez, Porvenir Ad.;53&deg 15' 13'' S;25;2016;12;16;1.9
530005;Fuentes Martínez, Porvenir Ad.;53&deg 15' 13'' S;25;2016;12;18;0.0
530005;Fuentes Martínez, Porvenir Ad.;53&deg 15' 13'' S;25;2016;12;19;1.1
530005;Fuentes Martínez, Porvenir Ad.;53&deg 15' 13'' S;25;2016;12;20;1.0
530005;Fuentes Martínez, Porvenir Ad.;53&deg 15' 13'' S;25;2016;12;21;5.8
530005;Fuentes Martínez, Porvenir Ad.;53&deg 15' 13'' S;25;2016;12;22;3.1
530005;Fuentes Martínez, Porvenir Ad.;53&deg 15' 13'' S;25;2016;12;23;9.6
530005;Fuentes Martínez, Porvenir Ad.;53&deg 15' 13'' S;25;2016;12;25;3.1
530005;Fuentes Martínez, Porvenir Ad.;53&deg 15' 13'' S;25;2016;12;26;0.0
530005;Fuentes Martínez, Porvenir Ad.;53&deg 15' 13'' S;25;2016;12;27;0.0
530005;Fuentes Martínez, Porvenir Ad.;53&deg 15' 13'' S;25;2016;12;28;0.3
530005;Fuentes Martínez, Porvenir Ad.;53&deg 15' 13'' S;25;2016;12;29;0.1
530005;Fuentes Martínez, Porvenir Ad.;53&deg 15' 13'' S;25;2016;12;30;0.0
550001;Guardia Marina Zañartu, Pto Williams Ad.;54&deg 55' 54'' S;15;2016;12;01;5.9
550001;Guardia Marina Zañartu, Pto Williams Ad.;54&deg 55' 54'' S;15;2016;12;02;0.0
550001;Guardia Marina Zañartu, Pto Williams Ad.;54&deg 55' 54'' S;15;2016;12;03;0.0
550001;Guardia Marina Zañartu, Pto Williams Ad.;54&deg 55' 54'' S;15;2016;12;04;12.0
550001;Guardia Marina Zañartu, Pto Williams Ad.;54&deg 55' 54'' S;15;2016;12;05;0.4
550001;Guardia Marina Zañartu, Pto Williams Ad.;54&deg 55' 54'' S;15;2016;12;06;1.2
550001;Guardia Marina Zañartu, Pto Williams Ad.;54&deg 55' 54'' S;15;2016;12;07;1.0
550001;Guardia Marina Zañartu, Pto Williams Ad.;54&deg 55' 54'' S;15;2016;12;08;0.9
550001;Guardia Marina Zañartu, Pto Williams Ad.;54&deg 55' 54'' S;15;2016;12;09;0.1
550001;Guardia Marina Zañartu, Pto Williams Ad.;54&deg 55' 54'' S;15;2016;12;10;0.0
550001;Guardia Marina Zañartu, Pto Williams Ad.;54&deg 55' 54'' S;15;2016;12;11;2.1
550001;Guardia Marina Zañartu, Pto Williams Ad.;54&deg 55' 54'' S;15;2016;12;12;5.2
550001;Guardia Marina Zañartu, Pto Williams Ad.;54&deg 55' 54'' S;15;2016;12;13;0.0
550001;Guardia Marina Zañartu, Pto Williams Ad.;54&deg 55' 54'' S;15;2016;12;14;6.2
550001;Guardia Marina Zañartu, Pto Williams Ad.;54&deg 55' 54'' S;15;2016;12;15;0.0
550001;Guardia Marina Zañartu, Pto Williams Ad.;54&deg 55' 54'' S;15;2016;12;16;6.0
550001;Guardia Marina Zañartu, Pto Williams Ad.;54&deg 55' 54'' S;15;2016;12;17;0.3
550001;Guardia Marina Zañartu, Pto Williams Ad.;54&deg 55' 54'' S;15;2016;12;18;0.3
550001;Guardia Marina Zañartu, Pto Williams Ad.;54&deg 55' 54'' S;15;2016;12;19;2.4
550001;Guardia Marina Zañartu, Pto Williams Ad.;54&deg 55' 54'' S;15;2016;12;20;3.8
550001;Guardia Marina Zañartu, Pto Williams Ad.;54&deg 55' 54'' S;15;2016;12;21;4.8
550001;Guardia Marina Zañartu, Pto Williams Ad.;54&deg 55' 54'' S;15;2016;12;22;4.6
550001;Guardia Marina Zañartu, Pto Williams Ad.;54&deg 55' 54'' S;15;2016;12;23;0.1
550001;Guardia Marina Zañartu, Pto Williams Ad.;54&deg 55' 54'' S;15;2016;12;24;0.1
550001;Guardia Marina Zañartu, Pto Williams Ad.;54&deg 55' 54'' S;15;2016;12;25;0.2
550001;Guardia Marina Zañartu, Pto Williams Ad.;54&deg 55' 54'' S;15;2016;12;26;0.3
550001;Guardia Marina Zañartu, Pto Williams Ad.;54&deg 55' 54'' S;15;2016;12;27;0.7
550001;Guardia Marina Zañartu, Pto Williams Ad.;54&deg 55' 54'' S;15;2016;12;28;1.7
550001;Guardia Marina Zañartu, Pto Williams Ad.;54&deg 55' 54'' S;15;2016;12;29;1.7
550001;Guardia Marina Zañartu, Pto Williams Ad.;54&deg 55' 54'' S;15;2016;12;30;0.0
550001;Guardia Marina Zañartu, Pto Williams Ad.;54&deg 55' 54'' S;15;2016;12;31;2.1
950001;C.M.A. Eduardo Frei Montalva, Antártica ;62&deg 11' 35'' S;45;2016;12;01;0.0
950001;C.M.A. Eduardo Frei Montalva, Antártica ;62&deg 11' 35'' S;45;2016;12;02;0.0
950001;C.M.A. Eduardo Frei Montalva, Antártica ;62&deg 11' 35'' S;45;2016;12;03;0.0
950001;C.M.A. Eduardo Frei Montalva, Antártica ;62&deg 11' 35'' S;45;2016;12;04;0.0
950001;C.M.A. Eduardo Frei Montalva, Antártica ;62&deg 11' 35'' S;45;2016;12;05;3.2
950001;C.M.A. Eduardo Frei Montalva, Antártica ;62&deg 11' 35'' S;45;2016;12;06;3.0
950001;C.M.A. Eduardo Frei Montalva, Antártica ;62&deg 11' 35'' S;45;2016;12;07;0.0
950001;C.M.A. Eduardo Frei Montalva, Antártica ;62&deg 11' 35'' S;45;2016;12;08;0.0
950001;C.M.A. Eduardo Frei Montalva, Antártica ;62&deg 11' 35'' S;45;2016;12;09;0.0
950001;C.M.A. Eduardo Frei Montalva, Antártica ;62&deg 11' 35'' S;45;2016;12;10;0.0
950001;C.M.A. Eduardo Frei Montalva, Antártica ;62&deg 11' 35'' S;45;2016;12;11;1.0
950001;C.M.A. Eduardo Frei Montalva, Antártica ;62&deg 11' 35'' S;45;2016;12;12;0.0
950001;C.M.A. Eduardo Frei Montalva, Antártica ;62&deg 11' 35'' S;45;2016;12;13;0.0
950001;C.M.A. Eduardo Frei Montalva, Antártica ;62&deg 11' 35'' S;45;2016;12;14;3.6
950001;C.M.A. Eduardo Frei Montalva, Antártica ;62&deg 11' 35'' S;45;2016;12;15;0.0
950001;C.M.A. Eduardo Frei Montalva, Antártica ;62&deg 11' 35'' S;45;2016;12;16;3.6
950001;C.M.A. Eduardo Frei Montalva, Antártica ;62&deg 11' 35'' S;45;2016;12;17;5.9
950001;C.M.A. Eduardo Frei Montalva, Antártica ;62&deg 11' 35'' S;45;2016;12;18;2.9
950001;C.M.A. Eduardo Frei Montalva, Antártica ;62&deg 11' 35'' S;45;2016;12;19;0.0
950001;C.M.A. Eduardo Frei Montalva, Antártica ;62&deg 11' 35'' S;45;2016;12;20;0.6
950001;C.M.A. Eduardo Frei Montalva, Antártica ;62&deg 11' 35'' S;45;2016;12;21;0.0
950001;C.M.A. Eduardo Frei Montalva, Antártica ;62&deg 11' 35'' S;45;2016;12;22;0.0
950001;C.M.A. Eduardo Frei Montalva, Antártica ;62&deg 11' 35'' S;45;2016;12;23;1.0
950001;C.M.A. Eduardo Frei Montalva, Antártica ;62&deg 11' 35'' S;45;2016;12;24;0.0
950001;C.M.A. Eduardo Frei Montalva, Antártica ;62&deg 11' 35'' S;45;2016;12;25;0.0
950001;C.M.A. Eduardo Frei Montalva, Antártica ;62&deg 11' 35'' S;45;2016;12;26;1.5
950001;C.M.A. Eduardo Frei Montalva, Antártica ;62&deg 11' 35'' S;45;2016;12;27;0.0
950001;C.M.A. Eduardo Frei Montalva, Antártica ;62&deg 11' 35'' S;45;2016;12;28;0.0
950001;C.M.A. Eduardo Frei Montalva, Antártica ;62&deg 11' 35'' S;45;2016;12;29;0.0
950001;C.M.A. Eduardo Frei Montalva, Antártica ;62&deg 11' 35'' S;45;2016;12;30;0.0
950001;C.M.A. Eduardo Frei Montalva, Antártica ;62&deg 11' 35'' S;45;2016;12;31;0.0
