CodigoNacional;NombreEstacion;Latitud;Altura;Año;Mes;Dia;T.Maxima;T.Minima
180005;Chacalluta, Arica Ap.;18&deg 21' 5'' S;63;2016;10;1;17.1;20.7
180005;Chacalluta, Arica Ap.;18&deg 21' 5'' S;63;2016;10;2;17.1;20.9
180005;Chacalluta, Arica Ap.;18&deg 21' 5'' S;63;2016;10;3;16.9;20.4
180005;Chacalluta, Arica Ap.;18&deg 21' 5'' S;63;2016;10;4;17.3;20.4
180005;Chacalluta, Arica Ap.;18&deg 21' 5'' S;63;2016;10;5;17.3;20.8
180005;Chacalluta, Arica Ap.;18&deg 21' 5'' S;63;2016;10;6;17.8;21.7
180005;Chacalluta, Arica Ap.;18&deg 21' 5'' S;63;2016;10;7;18.2;21.3
180005;Chacalluta, Arica Ap.;18&deg 21' 5'' S;63;2016;10;8;17.4;21.0
180005;Chacalluta, Arica Ap.;18&deg 21' 5'' S;63;2016;10;9;17.0;21.1
180005;Chacalluta, Arica Ap.;18&deg 21' 5'' S;63;2016;10;10;16.9;21.1
180005;Chacalluta, Arica Ap.;18&deg 21' 5'' S;63;2016;10;11;17.2;21.1
180005;Chacalluta, Arica Ap.;18&deg 21' 5'' S;63;2016;10;12;17.4;20.7
180005;Chacalluta, Arica Ap.;18&deg 21' 5'' S;63;2016;10;13;17.4;20.5
180005;Chacalluta, Arica Ap.;18&deg 21' 5'' S;63;2016;10;14;17.1;21.4
180005;Chacalluta, Arica Ap.;18&deg 21' 5'' S;63;2016;10;15;16.3;20.8
180005;Chacalluta, Arica Ap.;18&deg 21' 5'' S;63;2016;10;16;18.0;21.0
180005;Chacalluta, Arica Ap.;18&deg 21' 5'' S;63;2016;10;17;18.1;22.0
180005;Chacalluta, Arica Ap.;18&deg 21' 5'' S;63;2016;10;18;17.8;21.5
180005;Chacalluta, Arica Ap.;18&deg 21' 5'' S;63;2016;10;19;16.2;20.3
180005;Chacalluta, Arica Ap.;18&deg 21' 5'' S;63;2016;10;20;16.6;20.5
180005;Chacalluta, Arica Ap.;18&deg 21' 5'' S;63;2016;10;21;17.1;20.8
180005;Chacalluta, Arica Ap.;18&deg 21' 5'' S;63;2016;10;22;14.8;22.4
180005;Chacalluta, Arica Ap.;18&deg 21' 5'' S;63;2016;10;23;17.5;20.7
180005;Chacalluta, Arica Ap.;18&deg 21' 5'' S;63;2016;10;24;17.0;21.0
180005;Chacalluta, Arica Ap.;18&deg 21' 5'' S;63;2016;10;25;16.3;22.4
180005;Chacalluta, Arica Ap.;18&deg 21' 5'' S;63;2016;10;26;17.6;21.2
180005;Chacalluta, Arica Ap.;18&deg 21' 5'' S;63;2016;10;27;18.5;21.8
180005;Chacalluta, Arica Ap.;18&deg 21' 5'' S;63;2016;10;28;15.7;21.7
180005;Chacalluta, Arica Ap.;18&deg 21' 5'' S;63;2016;10;29;15.5;22.1
180005;Chacalluta, Arica Ap.;18&deg 21' 5'' S;63;2016;10;30;17.9;22.2
180005;Chacalluta, Arica Ap.;18&deg 21' 5'' S;63;2016;10;31;18.0;22.0
200006;Diego Aracena Iquique Ap.;20&deg 32' 23'' S;52;2016;10;1;16.7;20.1
200006;Diego Aracena Iquique Ap.;20&deg 32' 23'' S;52;2016;10;2;17.0;19.1
200006;Diego Aracena Iquique Ap.;20&deg 32' 23'' S;52;2016;10;3;14.9;19.9
200006;Diego Aracena Iquique Ap.;20&deg 32' 23'' S;52;2016;10;4;15.9;19.1
200006;Diego Aracena Iquique Ap.;20&deg 32' 23'' S;52;2016;10;5;16.4;19.2
200006;Diego Aracena Iquique Ap.;20&deg 32' 23'' S;52;2016;10;6;17.2;20.1
200006;Diego Aracena Iquique Ap.;20&deg 32' 23'' S;52;2016;10;7;17.5;21.0
200006;Diego Aracena Iquique Ap.;20&deg 32' 23'' S;52;2016;10;8;15.4;20.2
200006;Diego Aracena Iquique Ap.;20&deg 32' 23'' S;52;2016;10;9;15.5;20.2
200006;Diego Aracena Iquique Ap.;20&deg 32' 23'' S;52;2016;10;10;15.8;20.2
200006;Diego Aracena Iquique Ap.;20&deg 32' 23'' S;52;2016;10;11;14.6;20.0
200006;Diego Aracena Iquique Ap.;20&deg 32' 23'' S;52;2016;10;12;15.1;20.5
200006;Diego Aracena Iquique Ap.;20&deg 32' 23'' S;52;2016;10;13;15.9;19.8
200006;Diego Aracena Iquique Ap.;20&deg 32' 23'' S;52;2016;10;14;16.7;20.0
200006;Diego Aracena Iquique Ap.;20&deg 32' 23'' S;52;2016;10;15;15.6;20.7
200006;Diego Aracena Iquique Ap.;20&deg 32' 23'' S;52;2016;10;16;16.9;20.7
200006;Diego Aracena Iquique Ap.;20&deg 32' 23'' S;52;2016;10;17;17.7;20.1
200006;Diego Aracena Iquique Ap.;20&deg 32' 23'' S;52;2016;10;18;16.4;20.6
200006;Diego Aracena Iquique Ap.;20&deg 32' 23'' S;52;2016;10;19;13.6;18.4
200006;Diego Aracena Iquique Ap.;20&deg 32' 23'' S;52;2016;10;20;16.2;19.8
200006;Diego Aracena Iquique Ap.;20&deg 32' 23'' S;52;2016;10;21;16.3;19.0
200006;Diego Aracena Iquique Ap.;20&deg 32' 23'' S;52;2016;10;22;16.0;20.0
200006;Diego Aracena Iquique Ap.;20&deg 32' 23'' S;52;2016;10;23;14.8;19.6
200006;Diego Aracena Iquique Ap.;20&deg 32' 23'' S;52;2016;10;24;16.9;19.2
200006;Diego Aracena Iquique Ap.;20&deg 32' 23'' S;52;2016;10;25;16.6;19.5
200006;Diego Aracena Iquique Ap.;20&deg 32' 23'' S;52;2016;10;26;17.0;19.8
200006;Diego Aracena Iquique Ap.;20&deg 32' 23'' S;52;2016;10;27;17.6;21.1
200006;Diego Aracena Iquique Ap.;20&deg 32' 23'' S;52;2016;10;28;16.2;20.3
200006;Diego Aracena Iquique Ap.;20&deg 32' 23'' S;52;2016;10;29;15.3;20.4
200006;Diego Aracena Iquique Ap.;20&deg 32' 23'' S;52;2016;10;30;15.2;21.1
200006;Diego Aracena Iquique Ap.;20&deg 32' 23'' S;52;2016;10;31;16.7;20.4
220002;El Loa, Calama Ad.;22&deg 29' 43'' S;2293;2016;10;1;2.3;25.1
220002;El Loa, Calama Ad.;22&deg 29' 43'' S;2293;2016;10;2;3.3;25.2
220002;El Loa, Calama Ad.;22&deg 29' 43'' S;2293;2016;10;3;3.2;23.9
220002;El Loa, Calama Ad.;22&deg 29' 43'' S;2293;2016;10;4;4.7;24.8
220002;El Loa, Calama Ad.;22&deg 29' 43'' S;2293;2016;10;5;2.0;27.1
220002;El Loa, Calama Ad.;22&deg 29' 43'' S;2293;2016;10;6;5.5;24.6
220002;El Loa, Calama Ad.;22&deg 29' 43'' S;2293;2016;10;7;1.2;23.7
220002;El Loa, Calama Ad.;22&deg 29' 43'' S;2293;2016;10;8;3.4;23.9
220002;El Loa, Calama Ad.;22&deg 29' 43'' S;2293;2016;10;9;1.9;23.8
220002;El Loa, Calama Ad.;22&deg 29' 43'' S;2293;2016;10;10;3.5;23.9
220002;El Loa, Calama Ad.;22&deg 29' 43'' S;2293;2016;10;11;3.9;24.0
220002;El Loa, Calama Ad.;22&deg 29' 43'' S;2293;2016;10;12;1.5;22.8
220002;El Loa, Calama Ad.;22&deg 29' 43'' S;2293;2016;10;13;0.1;24.4
220002;El Loa, Calama Ad.;22&deg 29' 43'' S;2293;2016;10;14;-0.4;23.5
220002;El Loa, Calama Ad.;22&deg 29' 43'' S;2293;2016;10;15;0.8;23.3
220002;El Loa, Calama Ad.;22&deg 29' 43'' S;2293;2016;10;16;-0.5;24.4
220002;El Loa, Calama Ad.;22&deg 29' 43'' S;2293;2016;10;17;0.5;24.9
220002;El Loa, Calama Ad.;22&deg 29' 43'' S;2293;2016;10;18;0.6;24.1
220002;El Loa, Calama Ad.;22&deg 29' 43'' S;2293;2016;10;19;-0.9;25.0
220002;El Loa, Calama Ad.;22&deg 29' 43'' S;2293;2016;10;20;1.6;25.7
220002;El Loa, Calama Ad.;22&deg 29' 43'' S;2293;2016;10;21;1.3;25.5
220002;El Loa, Calama Ad.;22&deg 29' 43'' S;2293;2016;10;22;6.3;24.3
220002;El Loa, Calama Ad.;22&deg 29' 43'' S;2293;2016;10;23;3.0;25.7
220002;El Loa, Calama Ad.;22&deg 29' 43'' S;2293;2016;10;24;5.8;25.5
220002;El Loa, Calama Ad.;22&deg 29' 43'' S;2293;2016;10;25;5.3;24.9
220002;El Loa, Calama Ad.;22&deg 29' 43'' S;2293;2016;10;26;2.5;25.2
220002;El Loa, Calama Ad.;22&deg 29' 43'' S;2293;2016;10;27;5.3;24.1
220002;El Loa, Calama Ad.;22&deg 29' 43'' S;2293;2016;10;28;2.5;23.4
220002;El Loa, Calama Ad.;22&deg 29' 43'' S;2293;2016;10;29;3.8;24.3
220002;El Loa, Calama Ad.;22&deg 29' 43'' S;2293;2016;10;30;3.6;24.9
220002;El Loa, Calama Ad.;22&deg 29' 43'' S;2293;2016;10;31;1.3;24.5
230001;Cerro Moreno  Antofagasta  Ap.;23&deg 27' 1'' S;113;2016;10;1;14.7;17.8
230001;Cerro Moreno  Antofagasta  Ap.;23&deg 27' 1'' S;113;2016;10;2;14.5;16.9
230001;Cerro Moreno  Antofagasta  Ap.;23&deg 27' 1'' S;113;2016;10;3;14.7;18.1
230001;Cerro Moreno  Antofagasta  Ap.;23&deg 27' 1'' S;113;2016;10;4;14.7;17.9
230001;Cerro Moreno  Antofagasta  Ap.;23&deg 27' 1'' S;113;2016;10;5;14.7;20.7
230001;Cerro Moreno  Antofagasta  Ap.;23&deg 27' 1'' S;113;2016;10;6;15.5;22.1
230001;Cerro Moreno  Antofagasta  Ap.;23&deg 27' 1'' S;113;2016;10;7;15.9;18.6
230001;Cerro Moreno  Antofagasta  Ap.;23&deg 27' 1'' S;113;2016;10;8;14.7;18.8
230001;Cerro Moreno  Antofagasta  Ap.;23&deg 27' 1'' S;113;2016;10;9;14.8;18.3
230001;Cerro Moreno  Antofagasta  Ap.;23&deg 27' 1'' S;113;2016;10;10;14.9;18.3
230001;Cerro Moreno  Antofagasta  Ap.;23&deg 27' 1'' S;113;2016;10;11;14.6;18.7
230001;Cerro Moreno  Antofagasta  Ap.;23&deg 27' 1'' S;113;2016;10;12;15.4;18.2
230001;Cerro Moreno  Antofagasta  Ap.;23&deg 27' 1'' S;113;2016;10;13;14.8;18.3
230001;Cerro Moreno  Antofagasta  Ap.;23&deg 27' 1'' S;113;2016;10;14;15.1;21.7
230001;Cerro Moreno  Antofagasta  Ap.;23&deg 27' 1'' S;113;2016;10;15;15.6;19.6
230001;Cerro Moreno  Antofagasta  Ap.;23&deg 27' 1'' S;113;2016;10;16;15.1;18.6
230001;Cerro Moreno  Antofagasta  Ap.;23&deg 27' 1'' S;113;2016;10;17;15.3;18.4
230001;Cerro Moreno  Antofagasta  Ap.;23&deg 27' 1'' S;113;2016;10;18;14.3;17.9
230001;Cerro Moreno  Antofagasta  Ap.;23&deg 27' 1'' S;113;2016;10;19;12.6;17.2
230001;Cerro Moreno  Antofagasta  Ap.;23&deg 27' 1'' S;113;2016;10;20;14.0;17.4
230001;Cerro Moreno  Antofagasta  Ap.;23&deg 27' 1'' S;113;2016;10;21;13.7;18.7
230001;Cerro Moreno  Antofagasta  Ap.;23&deg 27' 1'' S;113;2016;10;22;14.1;18.6
230001;Cerro Moreno  Antofagasta  Ap.;23&deg 27' 1'' S;113;2016;10;23;13.0;17.9
230001;Cerro Moreno  Antofagasta  Ap.;23&deg 27' 1'' S;113;2016;10;24;14.4;18.2
230001;Cerro Moreno  Antofagasta  Ap.;23&deg 27' 1'' S;113;2016;10;25;12.9;18.2
230001;Cerro Moreno  Antofagasta  Ap.;23&deg 27' 1'' S;113;2016;10;26;14.6;21.0
230001;Cerro Moreno  Antofagasta  Ap.;23&deg 27' 1'' S;113;2016;10;27;15.7;20.5
230001;Cerro Moreno  Antofagasta  Ap.;23&deg 27' 1'' S;113;2016;10;28;15.1;20.8
230001;Cerro Moreno  Antofagasta  Ap.;23&deg 27' 1'' S;113;2016;10;29;15.6;19.7
230001;Cerro Moreno  Antofagasta  Ap.;23&deg 27' 1'' S;113;2016;10;30;14.8;20.2
230001;Cerro Moreno  Antofagasta  Ap.;23&deg 27' 1'' S;113;2016;10;31;14.9;19.8
270001;Mataveri  Isla de Pascua Ap.;27&deg 9' 38'' S;48;2016;10;1;18.8;23.2
270001;Mataveri  Isla de Pascua Ap.;27&deg 9' 38'' S;48;2016;10;2;17.0;22.4
270001;Mataveri  Isla de Pascua Ap.;27&deg 9' 38'' S;48;2016;10;3;16.3;23.6
270001;Mataveri  Isla de Pascua Ap.;27&deg 9' 38'' S;48;2016;10;4;19.4;23.6
270001;Mataveri  Isla de Pascua Ap.;27&deg 9' 38'' S;48;2016;10;5;16.8;23.3
270001;Mataveri  Isla de Pascua Ap.;27&deg 9' 38'' S;48;2016;10;6;18.6;23.7
270001;Mataveri  Isla de Pascua Ap.;27&deg 9' 38'' S;48;2016;10;7;17.0;23.6
270001;Mataveri  Isla de Pascua Ap.;27&deg 9' 38'' S;48;2016;10;8;17.4;23.8
270001;Mataveri  Isla de Pascua Ap.;27&deg 9' 38'' S;48;2016;10;9;15.9;23.8
270001;Mataveri  Isla de Pascua Ap.;27&deg 9' 38'' S;48;2016;10;10;20.8;24.4
270001;Mataveri  Isla de Pascua Ap.;27&deg 9' 38'' S;48;2016;10;11;19.3;24.8
270001;Mataveri  Isla de Pascua Ap.;27&deg 9' 38'' S;48;2016;10;12;18.8;22.8
270001;Mataveri  Isla de Pascua Ap.;27&deg 9' 38'' S;48;2016;10;13;18.2;24.6
270001;Mataveri  Isla de Pascua Ap.;27&deg 9' 38'' S;48;2016;10;14;20.2;24.6
270001;Mataveri  Isla de Pascua Ap.;27&deg 9' 38'' S;48;2016;10;15;17.9;25.4
270001;Mataveri  Isla de Pascua Ap.;27&deg 9' 38'' S;48;2016;10;16;17.4;25.5
270001;Mataveri  Isla de Pascua Ap.;27&deg 9' 38'' S;48;2016;10;17;20.8;24.1
270001;Mataveri  Isla de Pascua Ap.;27&deg 9' 38'' S;48;2016;10;18;20.0;24.4
270001;Mataveri  Isla de Pascua Ap.;27&deg 9' 38'' S;48;2016;10;19;18.7;23.2
270001;Mataveri  Isla de Pascua Ap.;27&deg 9' 38'' S;48;2016;10;20;17.3;23.0
270001;Mataveri  Isla de Pascua Ap.;27&deg 9' 38'' S;48;2016;10;21;13.7;24.0
270001;Mataveri  Isla de Pascua Ap.;27&deg 9' 38'' S;48;2016;10;22;16.2;24.4
270001;Mataveri  Isla de Pascua Ap.;27&deg 9' 38'' S;48;2016;10;23;17.4;25.1
270001;Mataveri  Isla de Pascua Ap.;27&deg 9' 38'' S;48;2016;10;24;21.1;24.7
270001;Mataveri  Isla de Pascua Ap.;27&deg 9' 38'' S;48;2016;10;25;17.5;21.4
270001;Mataveri  Isla de Pascua Ap.;27&deg 9' 38'' S;48;2016;10;26;17.6;22.3
270001;Mataveri  Isla de Pascua Ap.;27&deg 9' 38'' S;48;2016;10;27;14.4;22.5
270001;Mataveri  Isla de Pascua Ap.;27&deg 9' 38'' S;48;2016;10;28;17.6;22.9
270001;Mataveri  Isla de Pascua Ap.;27&deg 9' 38'' S;48;2016;10;29;17.9;23.7
270001;Mataveri  Isla de Pascua Ap.;27&deg 9' 38'' S;48;2016;10;30;15.1;25.0
270001;Mataveri  Isla de Pascua Ap.;27&deg 9' 38'' S;48;2016;10;31;16.2;24.5
270008;Desierto de Atacama, Caldera  Ad.;27&deg 15' 50'' S;204;2016;10;1;12.4;16.8
270008;Desierto de Atacama, Caldera  Ad.;27&deg 15' 50'' S;204;2016;10;2;12.1;17.6
270008;Desierto de Atacama, Caldera  Ad.;27&deg 15' 50'' S;204;2016;10;3;12.1;17.5
270008;Desierto de Atacama, Caldera  Ad.;27&deg 15' 50'' S;204;2016;10;4;12.4;21.6
270008;Desierto de Atacama, Caldera  Ad.;27&deg 15' 50'' S;204;2016;10;5;10.2;19.1
270008;Desierto de Atacama, Caldera  Ad.;27&deg 15' 50'' S;204;2016;10;6;13.0;18.9
270008;Desierto de Atacama, Caldera  Ad.;27&deg 15' 50'' S;204;2016;10;7;10.0;20.0
270008;Desierto de Atacama, Caldera  Ad.;27&deg 15' 50'' S;204;2016;10;8;12.6;20.4
270008;Desierto de Atacama, Caldera  Ad.;27&deg 15' 50'' S;204;2016;10;9;12.2;20.4
270008;Desierto de Atacama, Caldera  Ad.;27&deg 15' 50'' S;204;2016;10;10;12.4;22.1
270008;Desierto de Atacama, Caldera  Ad.;27&deg 15' 50'' S;204;2016;10;11;12.1;19.2
270008;Desierto de Atacama, Caldera  Ad.;27&deg 15' 50'' S;204;2016;10;12;12.1;22.2
270008;Desierto de Atacama, Caldera  Ad.;27&deg 15' 50'' S;204;2016;10;13;10.7;25.3
270008;Desierto de Atacama, Caldera  Ad.;27&deg 15' 50'' S;204;2016;10;14;12.1;19.5
270008;Desierto de Atacama, Caldera  Ad.;27&deg 15' 50'' S;204;2016;10;15;12.6;19.9
270008;Desierto de Atacama, Caldera  Ad.;27&deg 15' 50'' S;204;2016;10;16;11.2;20.3
270008;Desierto de Atacama, Caldera  Ad.;27&deg 15' 50'' S;204;2016;10;17;12.7;16.3
270008;Desierto de Atacama, Caldera  Ad.;27&deg 15' 50'' S;204;2016;10;18;12.2;17.9
270008;Desierto de Atacama, Caldera  Ad.;27&deg 15' 50'' S;204;2016;10;19;6.3;20.5
270008;Desierto de Atacama, Caldera  Ad.;27&deg 15' 50'' S;204;2016;10;20;6.5;19.1
270008;Desierto de Atacama, Caldera  Ad.;27&deg 15' 50'' S;204;2016;10;21;12.0;19.8
270008;Desierto de Atacama, Caldera  Ad.;27&deg 15' 50'' S;204;2016;10;22;13.2;20.2
270008;Desierto de Atacama, Caldera  Ad.;27&deg 15' 50'' S;204;2016;10;23;9.6;22.9
270008;Desierto de Atacama, Caldera  Ad.;27&deg 15' 50'' S;204;2016;10;24;8.6;22.2
270008;Desierto de Atacama, Caldera  Ad.;27&deg 15' 50'' S;204;2016;10;25;8.3;21.1
270008;Desierto de Atacama, Caldera  Ad.;27&deg 15' 50'' S;204;2016;10;26;10.1;18.9
270008;Desierto de Atacama, Caldera  Ad.;27&deg 15' 50'' S;204;2016;10;27;13.7;19.8
270008;Desierto de Atacama, Caldera  Ad.;27&deg 15' 50'' S;204;2016;10;28;12.3;22.9
270008;Desierto de Atacama, Caldera  Ad.;27&deg 15' 50'' S;204;2016;10;29;12.2;21.5
270008;Desierto de Atacama, Caldera  Ad.;27&deg 15' 50'' S;204;2016;10;30;13.7;21.3
270008;Desierto de Atacama, Caldera  Ad.;27&deg 15' 50'' S;204;2016;10;31;14.0;20.8
290004;La Florida, La Serena Ad.;29&deg 55' 3'' S;142;2016;10;1;8.6;16.6
290004;La Florida, La Serena Ad.;29&deg 55' 3'' S;142;2016;10;2;10.8;15.2
290004;La Florida, La Serena Ad.;29&deg 55' 3'' S;142;2016;10;3;12.5;15.8
290004;La Florida, La Serena Ad.;29&deg 55' 3'' S;142;2016;10;4;10.2;20.4
290004;La Florida, La Serena Ad.;29&deg 55' 3'' S;142;2016;10;5;9.3;20.9
290004;La Florida, La Serena Ad.;29&deg 55' 3'' S;142;2016;10;6;9.4;19.0
290004;La Florida, La Serena Ad.;29&deg 55' 3'' S;142;2016;10;7;10.0;18.0
290004;La Florida, La Serena Ad.;29&deg 55' 3'' S;142;2016;10;8;8.0;17.9
290004;La Florida, La Serena Ad.;29&deg 55' 3'' S;142;2016;10;9;9.5;17.6
290004;La Florida, La Serena Ad.;29&deg 55' 3'' S;142;2016;10;10;11.3;17.2
290004;La Florida, La Serena Ad.;29&deg 55' 3'' S;142;2016;10;11;10.4;17.9
290004;La Florida, La Serena Ad.;29&deg 55' 3'' S;142;2016;10;12;9.0;18.7
290004;La Florida, La Serena Ad.;29&deg 55' 3'' S;142;2016;10;13;10.3;21.2
290004;La Florida, La Serena Ad.;29&deg 55' 3'' S;142;2016;10;14;10.7;21.5
290004;La Florida, La Serena Ad.;29&deg 55' 3'' S;142;2016;10;15;11.1;21.9
290004;La Florida, La Serena Ad.;29&deg 55' 3'' S;142;2016;10;16;12.8;18.9
290004;La Florida, La Serena Ad.;29&deg 55' 3'' S;142;2016;10;17;12.4;17.4
290004;La Florida, La Serena Ad.;29&deg 55' 3'' S;142;2016;10;18;11.2;18.3
290004;La Florida, La Serena Ad.;29&deg 55' 3'' S;142;2016;10;19;7.4;19.7
290004;La Florida, La Serena Ad.;29&deg 55' 3'' S;142;2016;10;20;8.5;19.5
290004;La Florida, La Serena Ad.;29&deg 55' 3'' S;142;2016;10;21;9.3;18.2
290004;La Florida, La Serena Ad.;29&deg 55' 3'' S;142;2016;10;22;12.6;19.0
290004;La Florida, La Serena Ad.;29&deg 55' 3'' S;142;2016;10;23;9.6;19.3
290004;La Florida, La Serena Ad.;29&deg 55' 3'' S;142;2016;10;24;11.1;22.6
290004;La Florida, La Serena Ad.;29&deg 55' 3'' S;142;2016;10;25;10.6;21.2
290004;La Florida, La Serena Ad.;29&deg 55' 3'' S;142;2016;10;26;11.0;18.2
290004;La Florida, La Serena Ad.;29&deg 55' 3'' S;142;2016;10;27;13.5;19.1
290004;La Florida, La Serena Ad.;29&deg 55' 3'' S;142;2016;10;28;11.1;19.6
290004;La Florida, La Serena Ad.;29&deg 55' 3'' S;142;2016;10;29;11.0;19.7
290004;La Florida, La Serena Ad.;29&deg 55' 3'' S;142;2016;10;30;12.8;19.8
290004;La Florida, La Serena Ad.;29&deg 55' 3'' S;142;2016;10;31;12.4;19.8
330007;Rodelillo, Ad.;33&deg 2' 12'' S;330;2016;10;1;7.6;18.9
330007;Rodelillo, Ad.;33&deg 2' 12'' S;330;2016;10;2;7.6;16.2
330007;Rodelillo, Ad.;33&deg 2' 12'' S;330;2016;10;3;6.6;20.7
330007;Rodelillo, Ad.;33&deg 2' 12'' S;330;2016;10;4;9.2;21.6
330007;Rodelillo, Ad.;33&deg 2' 12'' S;330;2016;10;5;12.1;25.4
330007;Rodelillo, Ad.;33&deg 2' 12'' S;330;2016;10;6;12.8;24.1
330007;Rodelillo, Ad.;33&deg 2' 12'' S;330;2016;10;7;7.8;22.5
330007;Rodelillo, Ad.;33&deg 2' 12'' S;330;2016;10;8;8.1;23.1
330007;Rodelillo, Ad.;33&deg 2' 12'' S;330;2016;10;9;9.5;23.0
330007;Rodelillo, Ad.;33&deg 2' 12'' S;330;2016;10;10;6.3;19.8
330007;Rodelillo, Ad.;33&deg 2' 12'' S;330;2016;10;11;9.9;24.0
330007;Rodelillo, Ad.;33&deg 2' 12'' S;330;2016;10;12;11.2;19.5
330007;Rodelillo, Ad.;33&deg 2' 12'' S;330;2016;10;13;8.8;22.2
330007;Rodelillo, Ad.;33&deg 2' 12'' S;330;2016;10;14;9.2;20.5
330007;Rodelillo, Ad.;33&deg 2' 12'' S;330;2016;10;15;10.2;11.9
330007;Rodelillo, Ad.;33&deg 2' 12'' S;330;2016;10;16;10.4;15.5
330007;Rodelillo, Ad.;33&deg 2' 12'' S;330;2016;10;17;7.8;13.8
330007;Rodelillo, Ad.;33&deg 2' 12'' S;330;2016;10;18;5.8;15.1
330007;Rodelillo, Ad.;33&deg 2' 12'' S;330;2016;10;19;5.4;18.5
330007;Rodelillo, Ad.;33&deg 2' 12'' S;330;2016;10;20;7.2;22.4
330007;Rodelillo, Ad.;33&deg 2' 12'' S;330;2016;10;21;10.9;21.7
330007;Rodelillo, Ad.;33&deg 2' 12'' S;330;2016;10;22;9.7;15.3
330007;Rodelillo, Ad.;33&deg 2' 12'' S;330;2016;10;23;11.2;16.7
330007;Rodelillo, Ad.;33&deg 2' 12'' S;330;2016;10;24;7.3;19.3
330007;Rodelillo, Ad.;33&deg 2' 12'' S;330;2016;10;25;7.7;23.5
330007;Rodelillo, Ad.;33&deg 2' 12'' S;330;2016;10;26;12.8;28.1
330007;Rodelillo, Ad.;33&deg 2' 12'' S;330;2016;10;27;12.5;14.7
330007;Rodelillo, Ad.;33&deg 2' 12'' S;330;2016;10;28;11.9;16.0
330007;Rodelillo, Ad.;33&deg 2' 12'' S;330;2016;10;29;11.3;16.9
330007;Rodelillo, Ad.;33&deg 2' 12'' S;330;2016;10;30;11.2;18.9
330007;Rodelillo, Ad.;33&deg 2' 12'' S;330;2016;10;31;8.8;18.9
330019;Eulogio Sánchez, Tobalaba Ad.;33&deg 27' 19'' S;650;2016;10;1;7.7;23.3
330019;Eulogio Sánchez, Tobalaba Ad.;33&deg 27' 19'' S;650;2016;10;2;7.4;27.4
330019;Eulogio Sánchez, Tobalaba Ad.;33&deg 27' 19'' S;650;2016;10;3;9.2;24.7
330019;Eulogio Sánchez, Tobalaba Ad.;33&deg 27' 19'' S;650;2016;10;4;10.9;23.2
330019;Eulogio Sánchez, Tobalaba Ad.;33&deg 27' 19'' S;650;2016;10;5;8.2;26.8
330019;Eulogio Sánchez, Tobalaba Ad.;33&deg 27' 19'' S;650;2016;10;6;9.0;23.0
330019;Eulogio Sánchez, Tobalaba Ad.;33&deg 27' 19'' S;650;2016;10;7;9.1;24.3
330019;Eulogio Sánchez, Tobalaba Ad.;33&deg 27' 19'' S;650;2016;10;8;8.9;24.6
330019;Eulogio Sánchez, Tobalaba Ad.;33&deg 27' 19'' S;650;2016;10;9;7.8;26.6
330019;Eulogio Sánchez, Tobalaba Ad.;33&deg 27' 19'' S;650;2016;10;10;9.3;26.1
330019;Eulogio Sánchez, Tobalaba Ad.;33&deg 27' 19'' S;650;2016;10;11;11.0;24.7
330019;Eulogio Sánchez, Tobalaba Ad.;33&deg 27' 19'' S;650;2016;10;12;11.0;20.4
330019;Eulogio Sánchez, Tobalaba Ad.;33&deg 27' 19'' S;650;2016;10;13;9.2;24.2
330019;Eulogio Sánchez, Tobalaba Ad.;33&deg 27' 19'' S;650;2016;10;14;11.0;23.0
330019;Eulogio Sánchez, Tobalaba Ad.;33&deg 27' 19'' S;650;2016;10;15;11.8;18.2
330019;Eulogio Sánchez, Tobalaba Ad.;33&deg 27' 19'' S;650;2016;10;16;9.0;12.8
330019;Eulogio Sánchez, Tobalaba Ad.;33&deg 27' 19'' S;650;2016;10;17;8.4;13.0
330019;Eulogio Sánchez, Tobalaba Ad.;33&deg 27' 19'' S;650;2016;10;18;5.2;13.9
330019;Eulogio Sánchez, Tobalaba Ad.;33&deg 27' 19'' S;650;2016;10;19;2.6;18.4
330019;Eulogio Sánchez, Tobalaba Ad.;33&deg 27' 19'' S;650;2016;10;20;4.0;23.0
330019;Eulogio Sánchez, Tobalaba Ad.;33&deg 27' 19'' S;650;2016;10;21;6.8;28.2
330019;Eulogio Sánchez, Tobalaba Ad.;33&deg 27' 19'' S;650;2016;10;22;7.2;20.0
330019;Eulogio Sánchez, Tobalaba Ad.;33&deg 27' 19'' S;650;2016;10;23;8.1;19.2
330019;Eulogio Sánchez, Tobalaba Ad.;33&deg 27' 19'' S;650;2016;10;24;9.0;21.0
330019;Eulogio Sánchez, Tobalaba Ad.;33&deg 27' 19'' S;650;2016;10;25;8.0;24.4
330019;Eulogio Sánchez, Tobalaba Ad.;33&deg 27' 19'' S;650;2016;10;26;9.2;29.8
330019;Eulogio Sánchez, Tobalaba Ad.;33&deg 27' 19'' S;650;2016;10;27;12.8;31.0
330019;Eulogio Sánchez, Tobalaba Ad.;33&deg 27' 19'' S;650;2016;10;28;12.2;21.2
330019;Eulogio Sánchez, Tobalaba Ad.;33&deg 27' 19'' S;650;2016;10;29;12.0;25.4
330019;Eulogio Sánchez, Tobalaba Ad.;33&deg 27' 19'' S;650;2016;10;30;12.5;23.4
330019;Eulogio Sánchez, Tobalaba Ad.;33&deg 27' 19'' S;650;2016;10;31;12.2;18.7
330020;Quinta Normal, Santiago;33&deg 26' 42'' S;534;2016;10;1;7.4;24.7
330020;Quinta Normal, Santiago;33&deg 26' 42'' S;534;2016;10;2;6.9;28.5
330020;Quinta Normal, Santiago;33&deg 26' 42'' S;534;2016;10;3;8.5;26.5
330020;Quinta Normal, Santiago;33&deg 26' 42'' S;534;2016;10;4;10.4;24.7
330020;Quinta Normal, Santiago;33&deg 26' 42'' S;534;2016;10;5;7.5;27.9
330020;Quinta Normal, Santiago;33&deg 26' 42'' S;534;2016;10;6;8.9;25.1
330020;Quinta Normal, Santiago;33&deg 26' 42'' S;534;2016;10;7;9.0;25.4
330020;Quinta Normal, Santiago;33&deg 26' 42'' S;534;2016;10;8;9.0;26.0
330020;Quinta Normal, Santiago;33&deg 26' 42'' S;534;2016;10;9;6.6;27.8
330020;Quinta Normal, Santiago;33&deg 26' 42'' S;534;2016;10;10;7.2;27.0
330020;Quinta Normal, Santiago;33&deg 26' 42'' S;534;2016;10;11;11.7;24.9
330020;Quinta Normal, Santiago;33&deg 26' 42'' S;534;2016;10;12;12.2;20.4
330020;Quinta Normal, Santiago;33&deg 26' 42'' S;534;2016;10;13;8.6;25.4
330020;Quinta Normal, Santiago;33&deg 26' 42'' S;534;2016;10;14;10.5;22.6
330020;Quinta Normal, Santiago;33&deg 26' 42'' S;534;2016;10;15;12.3;18.0
330020;Quinta Normal, Santiago;33&deg 26' 42'' S;534;2016;10;16;9.8;15.1
330020;Quinta Normal, Santiago;33&deg 26' 42'' S;534;2016;10;17;8.9;15.9
330020;Quinta Normal, Santiago;33&deg 26' 42'' S;534;2016;10;18;5.8;16.7
330020;Quinta Normal, Santiago;33&deg 26' 42'' S;534;2016;10;19;3.3;20.2
330020;Quinta Normal, Santiago;33&deg 26' 42'' S;534;2016;10;20;5.0;24.7
330020;Quinta Normal, Santiago;33&deg 26' 42'' S;534;2016;10;21;6.4;28.5
330020;Quinta Normal, Santiago;33&deg 26' 42'' S;534;2016;10;22;7.8;20.7
330020;Quinta Normal, Santiago;33&deg 26' 42'' S;534;2016;10;23;8.7;21.4
330020;Quinta Normal, Santiago;33&deg 26' 42'' S;534;2016;10;24;7.7;21.9
330020;Quinta Normal, Santiago;33&deg 26' 42'' S;534;2016;10;25;7.4;25.9
330020;Quinta Normal, Santiago;33&deg 26' 42'' S;534;2016;10;26;8.6;31.2
330020;Quinta Normal, Santiago;33&deg 26' 42'' S;534;2016;10;27;11.6;31.6
330020;Quinta Normal, Santiago;33&deg 26' 42'' S;534;2016;10;28;11.6;20.2
330020;Quinta Normal, Santiago;33&deg 26' 42'' S;534;2016;10;29;15.1;25.9
330020;Quinta Normal, Santiago;33&deg 26' 42'' S;534;2016;10;30;12.3;24.8
330020;Quinta Normal, Santiago;33&deg 26' 42'' S;534;2016;10;31;11.8;19.7
330021;Pudahuel Santiago ;33&deg 23' 31'' S;482;2016;10;1;6.7;24.2
330021;Pudahuel Santiago ;33&deg 23' 31'' S;482;2016;10;2;5.5;27.9
330021;Pudahuel Santiago ;33&deg 23' 31'' S;482;2016;10;3;7.1;25.9
330021;Pudahuel Santiago ;33&deg 23' 31'' S;482;2016;10;4;10.9;24.4
330021;Pudahuel Santiago ;33&deg 23' 31'' S;482;2016;10;5;7.5;27.8
330021;Pudahuel Santiago ;33&deg 23' 31'' S;482;2016;10;6;7.6;25.3
330021;Pudahuel Santiago ;33&deg 23' 31'' S;482;2016;10;7;8.9;24.5
330021;Pudahuel Santiago ;33&deg 23' 31'' S;482;2016;10;8;8.1;25.3
330021;Pudahuel Santiago ;33&deg 23' 31'' S;482;2016;10;9;7.1;27.2
330021;Pudahuel Santiago ;33&deg 23' 31'' S;482;2016;10;10;7.2;26.7
330021;Pudahuel Santiago ;33&deg 23' 31'' S;482;2016;10;11;11.1;24.5
330021;Pudahuel Santiago ;33&deg 23' 31'' S;482;2016;10;12;10.7;20.3
330021;Pudahuel Santiago ;33&deg 23' 31'' S;482;2016;10;13;8.6;25.3
330021;Pudahuel Santiago ;33&deg 23' 31'' S;482;2016;10;14;10.1;20.9
330021;Pudahuel Santiago ;33&deg 23' 31'' S;482;2016;10;15;11.6;16.9
330021;Pudahuel Santiago ;33&deg 23' 31'' S;482;2016;10;16;10.0;16.0
330021;Pudahuel Santiago ;33&deg 23' 31'' S;482;2016;10;17;8.8;14.8
330021;Pudahuel Santiago ;33&deg 23' 31'' S;482;2016;10;18;6.3;16.3
330021;Pudahuel Santiago ;33&deg 23' 31'' S;482;2016;10;19;3.4;19.9
330021;Pudahuel Santiago ;33&deg 23' 31'' S;482;2016;10;20;5.5;23.7
330021;Pudahuel Santiago ;33&deg 23' 31'' S;482;2016;10;21;6.8;28.7
330021;Pudahuel Santiago ;33&deg 23' 31'' S;482;2016;10;22;7.6;20.5
330021;Pudahuel Santiago ;33&deg 23' 31'' S;482;2016;10;23;10.9;20.9
330021;Pudahuel Santiago ;33&deg 23' 31'' S;482;2016;10;24;8.2;21.3
330021;Pudahuel Santiago ;33&deg 23' 31'' S;482;2016;10;25;7.2;25.0
330021;Pudahuel Santiago ;33&deg 23' 31'' S;482;2016;10;26;8.7;31.0
330021;Pudahuel Santiago ;33&deg 23' 31'' S;482;2016;10;27;10.7;31.9
330021;Pudahuel Santiago ;33&deg 23' 31'' S;482;2016;10;28;11.2;21.1
330021;Pudahuel Santiago ;33&deg 23' 31'' S;482;2016;10;29;14.7;25.9
330021;Pudahuel Santiago ;33&deg 23' 31'' S;482;2016;10;30;11.4;25.1
330021;Pudahuel Santiago ;33&deg 23' 31'' S;482;2016;10;31;11.3;19.8
330030;Santo Domingo, Ad.;33&deg 39' 18'' S;75;2016;10;1;5.8;15.7
330030;Santo Domingo, Ad.;33&deg 39' 18'' S;75;2016;10;2;5.2;17.7
330030;Santo Domingo, Ad.;33&deg 39' 18'' S;75;2016;10;3;11.1;16.1
330030;Santo Domingo, Ad.;33&deg 39' 18'' S;75;2016;10;4;8.2;21.4
330030;Santo Domingo, Ad.;33&deg 39' 18'' S;75;2016;10;5;6.4;19.5
330030;Santo Domingo, Ad.;33&deg 39' 18'' S;75;2016;10;6;6.4;20.2
330030;Santo Domingo, Ad.;33&deg 39' 18'' S;75;2016;10;7;5.0;16.9
330030;Santo Domingo, Ad.;33&deg 39' 18'' S;75;2016;10;8;4.6;18.5
330030;Santo Domingo, Ad.;33&deg 39' 18'' S;75;2016;10;9;5.0;18.1
330030;Santo Domingo, Ad.;33&deg 39' 18'' S;75;2016;10;10;11.0;16.0
330030;Santo Domingo, Ad.;33&deg 39' 18'' S;75;2016;10;11;6.3;18.7
330030;Santo Domingo, Ad.;33&deg 39' 18'' S;75;2016;10;12;6.7;17.2
330030;Santo Domingo, Ad.;33&deg 39' 18'' S;75;2016;10;13;11.4;17.9
330030;Santo Domingo, Ad.;33&deg 39' 18'' S;75;2016;10;14;11.7;14.9
330030;Santo Domingo, Ad.;33&deg 39' 18'' S;75;2016;10;15;11.7;16.1
330030;Santo Domingo, Ad.;33&deg 39' 18'' S;75;2016;10;16;11.8;16.3
330030;Santo Domingo, Ad.;33&deg 39' 18'' S;75;2016;10;17;6.1;15.9
330030;Santo Domingo, Ad.;33&deg 39' 18'' S;75;2016;10;18;4.4;15.8
330030;Santo Domingo, Ad.;33&deg 39' 18'' S;75;2016;10;19;3.3;17.5
330030;Santo Domingo, Ad.;33&deg 39' 18'' S;75;2016;10;20;4.6;19.0
330030;Santo Domingo, Ad.;33&deg 39' 18'' S;75;2016;10;21;7.3;18.3
330030;Santo Domingo, Ad.;33&deg 39' 18'' S;75;2016;10;22;12.2;16.1
330030;Santo Domingo, Ad.;33&deg 39' 18'' S;75;2016;10;23;11.7;19.0
330030;Santo Domingo, Ad.;33&deg 39' 18'' S;75;2016;10;24;8.2;18.1
330030;Santo Domingo, Ad.;33&deg 39' 18'' S;75;2016;10;25;6.3;20.3
330030;Santo Domingo, Ad.;33&deg 39' 18'' S;75;2016;10;26;8.8;21.7
330030;Santo Domingo, Ad.;33&deg 39' 18'' S;75;2016;10;27;9.9;18.5
330030;Santo Domingo, Ad.;33&deg 39' 18'' S;75;2016;10;28;13.4;17.2
330030;Santo Domingo, Ad.;33&deg 39' 18'' S;75;2016;10;29;14.6;18.6
330030;Santo Domingo, Ad.;33&deg 39' 18'' S;75;2016;10;30;12.5;17.6
330030;Santo Domingo, Ad.;33&deg 39' 18'' S;75;2016;10;31;9.4;16.1
330031;Juan Fernández, Estación Meteorológica.;33&deg 38' 9'' S;40;2016;10;1;11.8;15.9
330031;Juan Fernández, Estación Meteorológica.;33&deg 38' 9'' S;40;2016;10;2;9.2;17.3
330031;Juan Fernández, Estación Meteorológica.;33&deg 38' 9'' S;40;2016;10;3;11.0;17.0
330031;Juan Fernández, Estación Meteorológica.;33&deg 38' 9'' S;40;2016;10;4;10.6;16.2
330031;Juan Fernández, Estación Meteorológica.;33&deg 38' 9'' S;40;2016;10;5;10.1;18.2
330031;Juan Fernández, Estación Meteorológica.;33&deg 38' 9'' S;40;2016;10;6;14.3;18.7
330031;Juan Fernández, Estación Meteorológica.;33&deg 38' 9'' S;40;2016;10;7;9.5;16.4
330031;Juan Fernández, Estación Meteorológica.;33&deg 38' 9'' S;40;2016;10;8;10.1;18.6
330031;Juan Fernández, Estación Meteorológica.;33&deg 38' 9'' S;40;2016;10;9;12.0;18.3
330031;Juan Fernández, Estación Meteorológica.;33&deg 38' 9'' S;40;2016;10;10;9.2;17.3
330031;Juan Fernández, Estación Meteorológica.;33&deg 38' 9'' S;40;2016;10;11;12.8;17.4
330031;Juan Fernández, Estación Meteorológica.;33&deg 38' 9'' S;40;2016;10;12;14.0;18.0
330031;Juan Fernández, Estación Meteorológica.;33&deg 38' 9'' S;40;2016;10;13;11.4;17.6
330031;Juan Fernández, Estación Meteorológica.;33&deg 38' 9'' S;40;2016;10;14;12.4;16.9
330031;Juan Fernández, Estación Meteorológica.;33&deg 38' 9'' S;40;2016;10;15;11.3;14.8
330031;Juan Fernández, Estación Meteorológica.;33&deg 38' 9'' S;40;2016;10;16;10.5;14.8
330031;Juan Fernández, Estación Meteorológica.;33&deg 38' 9'' S;40;2016;10;17;8.4;14.1
330031;Juan Fernández, Estación Meteorológica.;33&deg 38' 9'' S;40;2016;10;18;9.7;14.6
330031;Juan Fernández, Estación Meteorológica.;33&deg 38' 9'' S;40;2016;10;19;11.0;16.5
330031;Juan Fernández, Estación Meteorológica.;33&deg 38' 9'' S;40;2016;10;20;11.9;18.1
330031;Juan Fernández, Estación Meteorológica.;33&deg 38' 9'' S;40;2016;10;21;10.7;16.0
330031;Juan Fernández, Estación Meteorológica.;33&deg 38' 9'' S;40;2016;10;22;11.0;17.4
330031;Juan Fernández, Estación Meteorológica.;33&deg 38' 9'' S;40;2016;10;23;9.2;16.6
330031;Juan Fernández, Estación Meteorológica.;33&deg 38' 9'' S;40;2016;10;24;12.9;16.9
330031;Juan Fernández, Estación Meteorológica.;33&deg 38' 9'' S;40;2016;10;25;13.7;16.8
330031;Juan Fernández, Estación Meteorológica.;33&deg 38' 9'' S;40;2016;10;26;13.4;19.5
330031;Juan Fernández, Estación Meteorológica.;33&deg 38' 9'' S;40;2016;10;27;13.7;20.9
330031;Juan Fernández, Estación Meteorológica.;33&deg 38' 9'' S;40;2016;10;28;12.1;18.9
330031;Juan Fernández, Estación Meteorológica.;33&deg 38' 9'' S;40;2016;10;29;12.9;19.5
330031;Juan Fernández, Estación Meteorológica.;33&deg 38' 9'' S;40;2016;10;30;13.3;19.3
330031;Juan Fernández, Estación Meteorológica.;33&deg 38' 9'' S;40;2016;10;31;12.6;19.2
340031;General Freire, Curicó Ad.;34&deg 57' 59'' S;230;2016;10;1;9.3;21.7
340031;General Freire, Curicó Ad.;34&deg 57' 59'' S;230;2016;10;2;8.3;25.4
340031;General Freire, Curicó Ad.;34&deg 57' 59'' S;230;2016;10;3;5.7;25.7
340031;General Freire, Curicó Ad.;34&deg 57' 59'' S;230;2016;10;4;10.6;21.8
340031;General Freire, Curicó Ad.;34&deg 57' 59'' S;230;2016;10;5;6.1;23.9
340031;General Freire, Curicó Ad.;34&deg 57' 59'' S;230;2016;10;6;7.1;21.8
340031;General Freire, Curicó Ad.;34&deg 57' 59'' S;230;2016;10;7;5.4;22.9
340031;General Freire, Curicó Ad.;34&deg 57' 59'' S;230;2016;10;8;3.0;24.6
340031;General Freire, Curicó Ad.;34&deg 57' 59'' S;230;2016;10;9;6.4;23.9
340031;General Freire, Curicó Ad.;34&deg 57' 59'' S;230;2016;10;10;9.0;26.6
340031;General Freire, Curicó Ad.;34&deg 57' 59'' S;230;2016;10;11;10.8;21.8
340031;General Freire, Curicó Ad.;34&deg 57' 59'' S;230;2016;10;12;9.8;14.9
340031;General Freire, Curicó Ad.;34&deg 57' 59'' S;230;2016;10;13;11.0;22.4
340031;General Freire, Curicó Ad.;34&deg 57' 59'' S;230;2016;10;14;13.5;20.2
340031;General Freire, Curicó Ad.;34&deg 57' 59'' S;230;2016;10;15;11.7;14.7
340031;General Freire, Curicó Ad.;34&deg 57' 59'' S;230;2016;10;16;10.7;15.5
340031;General Freire, Curicó Ad.;34&deg 57' 59'' S;230;2016;10;17;7.0;17.8
340031;General Freire, Curicó Ad.;34&deg 57' 59'' S;230;2016;10;18;8.9;17.4
340031;General Freire, Curicó Ad.;34&deg 57' 59'' S;230;2016;10;19;2.0;19.7
340031;General Freire, Curicó Ad.;34&deg 57' 59'' S;230;2016;10;20;6.0;23.5
340031;General Freire, Curicó Ad.;34&deg 57' 59'' S;230;2016;10;21;7.2;24.9
340031;General Freire, Curicó Ad.;34&deg 57' 59'' S;230;2016;10;22;8.0;18.8
340031;General Freire, Curicó Ad.;34&deg 57' 59'' S;230;2016;10;23;10.4;20.2
340031;General Freire, Curicó Ad.;34&deg 57' 59'' S;230;2016;10;24;7.4;21.7
340031;General Freire, Curicó Ad.;34&deg 57' 59'' S;230;2016;10;25;9.2;23.5
340031;General Freire, Curicó Ad.;34&deg 57' 59'' S;230;2016;10;26;12.0;26.5
340031;General Freire, Curicó Ad.;34&deg 57' 59'' S;230;2016;10;27;11.6;31.2
340031;General Freire, Curicó Ad.;34&deg 57' 59'' S;230;2016;10;28;11.9;16.9
340031;General Freire, Curicó Ad.;34&deg 57' 59'' S;230;2016;10;29;14.5;24.9
340031;General Freire, Curicó Ad.;34&deg 57' 59'' S;230;2016;10;30;11.5;25.3
340031;General Freire, Curicó Ad.;34&deg 57' 59'' S;230;2016;10;31;10.7;16.1
360011;General Bernardo O'Higgins, Chillán Ad.;36&deg 35' 14'' S;151;2016;10;1;8.3;18.5
360011;General Bernardo O'Higgins, Chillán Ad.;36&deg 35' 14'' S;151;2016;10;2;4.9;24.3
360011;General Bernardo O'Higgins, Chillán Ad.;36&deg 35' 14'' S;151;2016;10;3;4.4;20.9
360011;General Bernardo O'Higgins, Chillán Ad.;36&deg 35' 14'' S;151;2016;10;4;6.6;17.8
360011;General Bernardo O'Higgins, Chillán Ad.;36&deg 35' 14'' S;151;2016;10;5;5.3;21.8
360011;General Bernardo O'Higgins, Chillán Ad.;36&deg 35' 14'' S;151;2016;10;6;7.4;19.8
360011;General Bernardo O'Higgins, Chillán Ad.;36&deg 35' 14'' S;151;2016;10;7;3.7;21.3
360011;General Bernardo O'Higgins, Chillán Ad.;36&deg 35' 14'' S;151;2016;10;8;-0.1;21.6
360011;General Bernardo O'Higgins, Chillán Ad.;36&deg 35' 14'' S;151;2016;10;9;4.7;21.4
360011;General Bernardo O'Higgins, Chillán Ad.;36&deg 35' 14'' S;151;2016;10;10;3.1;22.2
360011;General Bernardo O'Higgins, Chillán Ad.;36&deg 35' 14'' S;151;2016;10;11;6.7;15.9
360011;General Bernardo O'Higgins, Chillán Ad.;36&deg 35' 14'' S;151;2016;10;12;12.0;15.2
360011;General Bernardo O'Higgins, Chillán Ad.;36&deg 35' 14'' S;151;2016;10;13;9.8;15.1
360011;General Bernardo O'Higgins, Chillán Ad.;36&deg 35' 14'' S;151;2016;10;14;10.7;20.1
360011;General Bernardo O'Higgins, Chillán Ad.;36&deg 35' 14'' S;151;2016;10;15;11.0;19.1
360011;General Bernardo O'Higgins, Chillán Ad.;36&deg 35' 14'' S;151;2016;10;16;10.4;14.5
360011;General Bernardo O'Higgins, Chillán Ad.;36&deg 35' 14'' S;151;2016;10;17;2.3;16.6
360011;General Bernardo O'Higgins, Chillán Ad.;36&deg 35' 14'' S;151;2016;10;18;3.1;14.6
360011;General Bernardo O'Higgins, Chillán Ad.;36&deg 35' 14'' S;151;2016;10;19;0.3;21.3
360011;General Bernardo O'Higgins, Chillán Ad.;36&deg 35' 14'' S;151;2016;10;20;4.4;23.2
360011;General Bernardo O'Higgins, Chillán Ad.;36&deg 35' 14'' S;151;2016;10;21;3.5;24.3
360011;General Bernardo O'Higgins, Chillán Ad.;36&deg 35' 14'' S;151;2016;10;22;7.9;18.9
360011;General Bernardo O'Higgins, Chillán Ad.;36&deg 35' 14'' S;151;2016;10;23;10.7;17.5
360011;General Bernardo O'Higgins, Chillán Ad.;36&deg 35' 14'' S;151;2016;10;24;5.6;20.0
360011;General Bernardo O'Higgins, Chillán Ad.;36&deg 35' 14'' S;151;2016;10;25;9.0;24.6
360011;General Bernardo O'Higgins, Chillán Ad.;36&deg 35' 14'' S;151;2016;10;26;10.0;26.2
360011;General Bernardo O'Higgins, Chillán Ad.;36&deg 35' 14'' S;151;2016;10;27;9.7;31.9
360011;General Bernardo O'Higgins, Chillán Ad.;36&deg 35' 14'' S;151;2016;10;28;9.7;26.8
360011;General Bernardo O'Higgins, Chillán Ad.;36&deg 35' 14'' S;151;2016;10;29;7.3;24.8
360011;General Bernardo O'Higgins, Chillán Ad.;36&deg 35' 14'' S;151;2016;10;30;11.7;24.1
360011;General Bernardo O'Higgins, Chillán Ad.;36&deg 35' 14'' S;151;2016;10;31;4.9;16.1
360019;Carriel Sur, Concepción.;36&deg 46' 42'' S;17;2016;10;1;7.2;16.2
360019;Carriel Sur, Concepción.;36&deg 46' 42'' S;17;2016;10;2;7.6;19.1
360019;Carriel Sur, Concepción.;36&deg 46' 42'' S;17;2016;10;3;6.3;15.0
360019;Carriel Sur, Concepción.;36&deg 46' 42'' S;17;2016;10;4;6.3;16.1
360019;Carriel Sur, Concepción.;36&deg 46' 42'' S;17;2016;10;5;5.6;17.3
360019;Carriel Sur, Concepción.;36&deg 46' 42'' S;17;2016;10;6;10.5;18.4
360019;Carriel Sur, Concepción.;36&deg 46' 42'' S;17;2016;10;7;4.7;17.2
360019;Carriel Sur, Concepción.;36&deg 46' 42'' S;17;2016;10;8;2.7;17.0
360019;Carriel Sur, Concepción.;36&deg 46' 42'' S;17;2016;10;9;5.8;18.6
360019;Carriel Sur, Concepción.;36&deg 46' 42'' S;17;2016;10;10;7.2;17.5
360019;Carriel Sur, Concepción.;36&deg 46' 42'' S;17;2016;10;11;9.3;13.8
360019;Carriel Sur, Concepción.;36&deg 46' 42'' S;17;2016;10;12;11.7;16.4
360019;Carriel Sur, Concepción.;36&deg 46' 42'' S;17;2016;10;13;9.6;14.6
360019;Carriel Sur, Concepción.;36&deg 46' 42'' S;17;2016;10;14;8.7;16.9
360019;Carriel Sur, Concepción.;36&deg 46' 42'' S;17;2016;10;15;9.9;16.9
360019;Carriel Sur, Concepción.;36&deg 46' 42'' S;17;2016;10;16;11.1;12.3
360019;Carriel Sur, Concepción.;36&deg 46' 42'' S;17;2016;10;17;4.6;15.3
360019;Carriel Sur, Concepción.;36&deg 46' 42'' S;17;2016;10;18;4.0;14.2
360019;Carriel Sur, Concepción.;36&deg 46' 42'' S;17;2016;10;19;3.3;16.9
360019;Carriel Sur, Concepción.;36&deg 46' 42'' S;17;2016;10;20;6.9;19.4
360019;Carriel Sur, Concepción.;36&deg 46' 42'' S;17;2016;10;21;6.8;18.6
360019;Carriel Sur, Concepción.;36&deg 46' 42'' S;17;2016;10;22;12.5;16.0
360019;Carriel Sur, Concepción.;36&deg 46' 42'' S;17;2016;10;23;10.2;16.8
360019;Carriel Sur, Concepción.;36&deg 46' 42'' S;17;2016;10;24;10.7;17.1
360019;Carriel Sur, Concepción.;36&deg 46' 42'' S;17;2016;10;25;10.2;20.5
360019;Carriel Sur, Concepción.;36&deg 46' 42'' S;17;2016;10;26;9.5;23.2
360019;Carriel Sur, Concepción.;36&deg 46' 42'' S;17;2016;10;27;11.4;27.1
360019;Carriel Sur, Concepción.;36&deg 46' 42'' S;17;2016;10;28;12.7;17.3
360019;Carriel Sur, Concepción.;36&deg 46' 42'' S;17;2016;10;29;11.5;20.4
360019;Carriel Sur, Concepción.;36&deg 46' 42'' S;17;2016;10;30;11.4;19.3
360019;Carriel Sur, Concepción.;36&deg 46' 42'' S;17;2016;10;31;8.7;16.2
370033;María Dolores, Los Angeles Ad.;37&deg 24' 10'' S;120;2016;10;1;7.0;15.0
370033;María Dolores, Los Angeles Ad.;37&deg 24' 10'' S;120;2016;10;2;5.0;24.4
370033;María Dolores, Los Angeles Ad.;37&deg 24' 10'' S;120;2016;10;3;4.0;17.8
370033;María Dolores, Los Angeles Ad.;37&deg 24' 10'' S;120;2016;10;4;3.2;17.6
370033;María Dolores, Los Angeles Ad.;37&deg 24' 10'' S;120;2016;10;5;6.0;22.0
370033;María Dolores, Los Angeles Ad.;37&deg 24' 10'' S;120;2016;10;6;8.5;19.4
370033;María Dolores, Los Angeles Ad.;37&deg 24' 10'' S;120;2016;10;7;5.8;21.5
370033;María Dolores, Los Angeles Ad.;37&deg 24' 10'' S;120;2016;10;8;-1.0;21.6
370033;María Dolores, Los Angeles Ad.;37&deg 24' 10'' S;120;2016;10;9;6.0;21.0
370033;María Dolores, Los Angeles Ad.;37&deg 24' 10'' S;120;2016;10;10;4.0;23.2
370033;María Dolores, Los Angeles Ad.;37&deg 24' 10'' S;120;2016;10;11;10.0;14.0
370033;María Dolores, Los Angeles Ad.;37&deg 24' 10'' S;120;2016;10;12;11.0;17.4
370033;María Dolores, Los Angeles Ad.;37&deg 24' 10'' S;120;2016;10;13;8.4;14.8
370033;María Dolores, Los Angeles Ad.;37&deg 24' 10'' S;120;2016;10;14;8.0;17.4
370033;María Dolores, Los Angeles Ad.;37&deg 24' 10'' S;120;2016;10;15;9.8;20.4
370033;María Dolores, Los Angeles Ad.;37&deg 24' 10'' S;120;2016;10;16;11.6;12.0
370033;María Dolores, Los Angeles Ad.;37&deg 24' 10'' S;120;2016;10;17;1.0;17.3
370033;María Dolores, Los Angeles Ad.;37&deg 24' 10'' S;120;2016;10;18;6.0;15.2
370033;María Dolores, Los Angeles Ad.;37&deg 24' 10'' S;120;2016;10;19;1.0;22.4
370033;María Dolores, Los Angeles Ad.;37&deg 24' 10'' S;120;2016;10;20;5.5;23.8
370033;María Dolores, Los Angeles Ad.;37&deg 24' 10'' S;120;2016;10;21;6.5;24.6
370033;María Dolores, Los Angeles Ad.;37&deg 24' 10'' S;120;2016;10;22;9.4;18.6
370033;María Dolores, Los Angeles Ad.;37&deg 24' 10'' S;120;2016;10;23;9.8;-
370033;María Dolores, Los Angeles Ad.;37&deg 24' 10'' S;120;2016;10;24;10.2;20.0
370033;María Dolores, Los Angeles Ad.;37&deg 24' 10'' S;120;2016;10;25;9.0;25.0
370033;María Dolores, Los Angeles Ad.;37&deg 24' 10'' S;120;2016;10;26;11.0;25.4
370033;María Dolores, Los Angeles Ad.;37&deg 24' 10'' S;120;2016;10;27;11.2;30.6
370033;María Dolores, Los Angeles Ad.;37&deg 24' 10'' S;120;2016;10;28;6.8;29.2
370033;María Dolores, Los Angeles Ad.;37&deg 24' 10'' S;120;2016;10;29;7.0;25.0
370033;María Dolores, Los Angeles Ad.;37&deg 24' 10'' S;120;2016;10;30;10.5;26.6
370033;María Dolores, Los Angeles Ad.;37&deg 24' 10'' S;120;2016;10;31;5.2;15.2
380013;Maquehue, Temuco Ad.;38&deg 46' 4'' S;86;2016;10;1;4.1;14.7
380013;Maquehue, Temuco Ad.;38&deg 46' 4'' S;86;2016;10;2;0.3;21.5
380013;Maquehue, Temuco Ad.;38&deg 46' 4'' S;86;2016;10;3;3.8;13.7
380013;Maquehue, Temuco Ad.;38&deg 46' 4'' S;86;2016;10;4;4.5;15.5
380013;Maquehue, Temuco Ad.;38&deg 46' 4'' S;86;2016;10;5;1.7;17.1
380013;Maquehue, Temuco Ad.;38&deg 46' 4'' S;86;2016;10;6;8.1;17.3
380013;Maquehue, Temuco Ad.;38&deg 46' 4'' S;86;2016;10;7;-1.0;18.1
380013;Maquehue, Temuco Ad.;38&deg 46' 4'' S;86;2016;10;8;1.9;17.0
380013;Maquehue, Temuco Ad.;38&deg 46' 4'' S;86;2016;10;9;3.2;18.3
380013;Maquehue, Temuco Ad.;38&deg 46' 4'' S;86;2016;10;10;4.6;18.5
380013;Maquehue, Temuco Ad.;38&deg 46' 4'' S;86;2016;10;11;9.9;13.8
380013;Maquehue, Temuco Ad.;38&deg 46' 4'' S;86;2016;10;12;11.8;14.4
380013;Maquehue, Temuco Ad.;38&deg 46' 4'' S;86;2016;10;13;2.9;16.0
380013;Maquehue, Temuco Ad.;38&deg 46' 4'' S;86;2016;10;14;3.3;15.6
380013;Maquehue, Temuco Ad.;38&deg 46' 4'' S;86;2016;10;15;8.3;20.2
380013;Maquehue, Temuco Ad.;38&deg 46' 4'' S;86;2016;10;16;11.8;14.6
380013;Maquehue, Temuco Ad.;38&deg 46' 4'' S;86;2016;10;17;3.9;16.6
380013;Maquehue, Temuco Ad.;38&deg 46' 4'' S;86;2016;10;18;2.8;16.2
380013;Maquehue, Temuco Ad.;38&deg 46' 4'' S;86;2016;10;19;4.0;22.2
380013;Maquehue, Temuco Ad.;38&deg 46' 4'' S;86;2016;10;20;3.9;22.1
380013;Maquehue, Temuco Ad.;38&deg 46' 4'' S;86;2016;10;21;8.5;20.9
380013;Maquehue, Temuco Ad.;38&deg 46' 4'' S;86;2016;10;22;8.2;19.1
380013;Maquehue, Temuco Ad.;38&deg 46' 4'' S;86;2016;10;23;7.9;20.8
380013;Maquehue, Temuco Ad.;38&deg 46' 4'' S;86;2016;10;24;8.6;19.8
380013;Maquehue, Temuco Ad.;38&deg 46' 4'' S;86;2016;10;25;8.4;20.7
380013;Maquehue, Temuco Ad.;38&deg 46' 4'' S;86;2016;10;26;5.4;23.0
380013;Maquehue, Temuco Ad.;38&deg 46' 4'' S;86;2016;10;27;4.6;28.2
380013;Maquehue, Temuco Ad.;38&deg 46' 4'' S;86;2016;10;28;9.4;17.2
380013;Maquehue, Temuco Ad.;38&deg 46' 4'' S;86;2016;10;29;6.1;19.4
380013;Maquehue, Temuco Ad.;38&deg 46' 4'' S;86;2016;10;30;8.9;19.5
380013;Maquehue, Temuco Ad.;38&deg 46' 4'' S;86;2016;10;31;5.2;13.2
390006;Pichoy, Valdivia Ad.;39&deg 39' 2'' S;21;2016;10;1;3.5;15.9
390006;Pichoy, Valdivia Ad.;39&deg 39' 2'' S;21;2016;10;2;2.5;20.5
390006;Pichoy, Valdivia Ad.;39&deg 39' 2'' S;21;2016;10;3;1.9;14.1
390006;Pichoy, Valdivia Ad.;39&deg 39' 2'' S;21;2016;10;4;4.7;15.6
390006;Pichoy, Valdivia Ad.;39&deg 39' 2'' S;21;2016;10;5;1.6;14.6
390006;Pichoy, Valdivia Ad.;39&deg 39' 2'' S;21;2016;10;6;8.0;17.8
390006;Pichoy, Valdivia Ad.;39&deg 39' 2'' S;21;2016;10;7;-0.1;17.6
390006;Pichoy, Valdivia Ad.;39&deg 39' 2'' S;21;2016;10;8;1.2;15.6
390006;Pichoy, Valdivia Ad.;39&deg 39' 2'' S;21;2016;10;9;1.7;17.7
390006;Pichoy, Valdivia Ad.;39&deg 39' 2'' S;21;2016;10;10;0.7;16.8
390006;Pichoy, Valdivia Ad.;39&deg 39' 2'' S;21;2016;10;11;10.1;16.5
390006;Pichoy, Valdivia Ad.;39&deg 39' 2'' S;21;2016;10;12;10.6;15.1
390006;Pichoy, Valdivia Ad.;39&deg 39' 2'' S;21;2016;10;13;1.9;15.6
390006;Pichoy, Valdivia Ad.;39&deg 39' 2'' S;21;2016;10;14;2.0;15.2
390006;Pichoy, Valdivia Ad.;39&deg 39' 2'' S;21;2016;10;15;7.2;10.9
390006;Pichoy, Valdivia Ad.;39&deg 39' 2'' S;21;2016;10;16;8.5;13.1
390006;Pichoy, Valdivia Ad.;39&deg 39' 2'' S;21;2016;10;17;6.1;15.9
390006;Pichoy, Valdivia Ad.;39&deg 39' 2'' S;21;2016;10;18;2.9;15.6
390006;Pichoy, Valdivia Ad.;39&deg 39' 2'' S;21;2016;10;19;6.6;21.7
390006;Pichoy, Valdivia Ad.;39&deg 39' 2'' S;21;2016;10;20;2.2;22.8
390006;Pichoy, Valdivia Ad.;39&deg 39' 2'' S;21;2016;10;21;4.1;21.5
390006;Pichoy, Valdivia Ad.;39&deg 39' 2'' S;21;2016;10;22;6.1;15.4
390006;Pichoy, Valdivia Ad.;39&deg 39' 2'' S;21;2016;10;23;5.6;21.3
390006;Pichoy, Valdivia Ad.;39&deg 39' 2'' S;21;2016;10;24;8.7;20.9
390006;Pichoy, Valdivia Ad.;39&deg 39' 2'' S;21;2016;10;25;10.3;21.9
390006;Pichoy, Valdivia Ad.;39&deg 39' 2'' S;21;2016;10;26;6.8;23.8
390006;Pichoy, Valdivia Ad.;39&deg 39' 2'' S;21;2016;10;27;4.1;28.6
390006;Pichoy, Valdivia Ad.;39&deg 39' 2'' S;21;2016;10;28;6.4;20.4
390006;Pichoy, Valdivia Ad.;39&deg 39' 2'' S;21;2016;10;29;5.4;19.8
390006;Pichoy, Valdivia Ad.;39&deg 39' 2'' S;21;2016;10;30;4.1;18.7
390006;Pichoy, Valdivia Ad.;39&deg 39' 2'' S;21;2016;10;31;6.8;12.9
400009;Cañal Bajo,  Osorno Ad.;40&deg 36' 18'' S;61;2016;10;1;3.7;15.5
400009;Cañal Bajo,  Osorno Ad.;40&deg 36' 18'' S;61;2016;10;2;1.5;20.1
400009;Cañal Bajo,  Osorno Ad.;40&deg 36' 18'' S;61;2016;10;3;3.1;13.7
400009;Cañal Bajo,  Osorno Ad.;40&deg 36' 18'' S;61;2016;10;4;4.3;14.1
400009;Cañal Bajo,  Osorno Ad.;40&deg 36' 18'' S;61;2016;10;5;3.0;13.6
400009;Cañal Bajo,  Osorno Ad.;40&deg 36' 18'' S;61;2016;10;6;6.8;16.0
400009;Cañal Bajo,  Osorno Ad.;40&deg 36' 18'' S;61;2016;10;7;-0.2;16.1
400009;Cañal Bajo,  Osorno Ad.;40&deg 36' 18'' S;61;2016;10;8;0.1;14.1
400009;Cañal Bajo,  Osorno Ad.;40&deg 36' 18'' S;61;2016;10;9;-1.0;16.2
400009;Cañal Bajo,  Osorno Ad.;40&deg 36' 18'' S;61;2016;10;10;0.3;16.0
400009;Cañal Bajo,  Osorno Ad.;40&deg 36' 18'' S;61;2016;10;11;7.8;15.7
400009;Cañal Bajo,  Osorno Ad.;40&deg 36' 18'' S;61;2016;10;12;9.3;14.5
400009;Cañal Bajo,  Osorno Ad.;40&deg 36' 18'' S;61;2016;10;13;3.1;15.6
400009;Cañal Bajo,  Osorno Ad.;40&deg 36' 18'' S;61;2016;10;14;2.3;13.7
400009;Cañal Bajo,  Osorno Ad.;40&deg 36' 18'' S;61;2016;10;15;7.0;9.8
400009;Cañal Bajo,  Osorno Ad.;40&deg 36' 18'' S;61;2016;10;16;7.3;10.7
400009;Cañal Bajo,  Osorno Ad.;40&deg 36' 18'' S;61;2016;10;17;7.2;14.7
400009;Cañal Bajo,  Osorno Ad.;40&deg 36' 18'' S;61;2016;10;18;3.0;16.7
400009;Cañal Bajo,  Osorno Ad.;40&deg 36' 18'' S;61;2016;10;19;3.5;20.1
400009;Cañal Bajo,  Osorno Ad.;40&deg 36' 18'' S;61;2016;10;20;2.0;22.5
400009;Cañal Bajo,  Osorno Ad.;40&deg 36' 18'' S;61;2016;10;21;2.6;21.7
400009;Cañal Bajo,  Osorno Ad.;40&deg 36' 18'' S;61;2016;10;22;7.3;21.5
400009;Cañal Bajo,  Osorno Ad.;40&deg 36' 18'' S;61;2016;10;23;6.0;20.8
400009;Cañal Bajo,  Osorno Ad.;40&deg 36' 18'' S;61;2016;10;24;11.2;20.0
400009;Cañal Bajo,  Osorno Ad.;40&deg 36' 18'' S;61;2016;10;25;8.5;18.0
400009;Cañal Bajo,  Osorno Ad.;40&deg 36' 18'' S;61;2016;10;26;3.7;21.1
400009;Cañal Bajo,  Osorno Ad.;40&deg 36' 18'' S;61;2016;10;27;2.5;26.1
400009;Cañal Bajo,  Osorno Ad.;40&deg 36' 18'' S;61;2016;10;28;3.9;21.5
400009;Cañal Bajo,  Osorno Ad.;40&deg 36' 18'' S;61;2016;10;29;6.8;21.0
400009;Cañal Bajo,  Osorno Ad.;40&deg 36' 18'' S;61;2016;10;30;2.1;19.1
400009;Cañal Bajo,  Osorno Ad.;40&deg 36' 18'' S;61;2016;10;31;6.6;12.1
410005;El Tepual  Puerto Montt Ap.;41&deg 26' 6'' S;85;2016;10;1;3.6;15.1
410005;El Tepual  Puerto Montt Ap.;41&deg 26' 6'' S;85;2016;10;2;0.4;19.6
410005;El Tepual  Puerto Montt Ap.;41&deg 26' 6'' S;85;2016;10;3;6.3;14.0
410005;El Tepual  Puerto Montt Ap.;41&deg 26' 6'' S;85;2016;10;4;5.5;13.4
410005;El Tepual  Puerto Montt Ap.;41&deg 26' 6'' S;85;2016;10;5;2.2;12.4
410005;El Tepual  Puerto Montt Ap.;41&deg 26' 6'' S;85;2016;10;6;7.4;13.8
410005;El Tepual  Puerto Montt Ap.;41&deg 26' 6'' S;85;2016;10;7;1.4;14.6
410005;El Tepual  Puerto Montt Ap.;41&deg 26' 6'' S;85;2016;10;8;2.9;13.5
410005;El Tepual  Puerto Montt Ap.;41&deg 26' 6'' S;85;2016;10;9;0.2;15.0
410005;El Tepual  Puerto Montt Ap.;41&deg 26' 6'' S;85;2016;10;10;2.0;14.5
410005;El Tepual  Puerto Montt Ap.;41&deg 26' 6'' S;85;2016;10;11;8.5;16.0
410005;El Tepual  Puerto Montt Ap.;41&deg 26' 6'' S;85;2016;10;12;9.5;12.9
410005;El Tepual  Puerto Montt Ap.;41&deg 26' 6'' S;85;2016;10;13;3.7;13.9
410005;El Tepual  Puerto Montt Ap.;41&deg 26' 6'' S;85;2016;10;14;2.2;13.6
410005;El Tepual  Puerto Montt Ap.;41&deg 26' 6'' S;85;2016;10;15;6.2;9.3
410005;El Tepual  Puerto Montt Ap.;41&deg 26' 6'' S;85;2016;10;16;7.2;10.9
410005;El Tepual  Puerto Montt Ap.;41&deg 26' 6'' S;85;2016;10;17;8.0;16.0
410005;El Tepual  Puerto Montt Ap.;41&deg 26' 6'' S;85;2016;10;18;4.4;17.3
410005;El Tepual  Puerto Montt Ap.;41&deg 26' 6'' S;85;2016;10;19;5.4;20.7
410005;El Tepual  Puerto Montt Ap.;41&deg 26' 6'' S;85;2016;10;20;3.7;18.9
410005;El Tepual  Puerto Montt Ap.;41&deg 26' 6'' S;85;2016;10;21;3.8;18.8
410005;El Tepual  Puerto Montt Ap.;41&deg 26' 6'' S;85;2016;10;22;6.3;20.2
410005;El Tepual  Puerto Montt Ap.;41&deg 26' 6'' S;85;2016;10;23;7.1;21.0
410005;El Tepual  Puerto Montt Ap.;41&deg 26' 6'' S;85;2016;10;24;10.6;18.5
410005;El Tepual  Puerto Montt Ap.;41&deg 26' 6'' S;85;2016;10;25;8.6;16.7
410005;El Tepual  Puerto Montt Ap.;41&deg 26' 6'' S;85;2016;10;26;7.8;18.7
410005;El Tepual  Puerto Montt Ap.;41&deg 26' 6'' S;85;2016;10;27;2.7;22.1
410005;El Tepual  Puerto Montt Ap.;41&deg 26' 6'' S;85;2016;10;28;7.9;18.4
410005;El Tepual  Puerto Montt Ap.;41&deg 26' 6'' S;85;2016;10;29;9.5;18.0
410005;El Tepual  Puerto Montt Ap.;41&deg 26' 6'' S;85;2016;10;30;2.8;16.7
410005;El Tepual  Puerto Montt Ap.;41&deg 26' 6'' S;85;2016;10;31;9.0;12.5
430002;Futaleufú Ad.;43&deg 11' 20'' S;347;2016;10;1;2.7;16.2
430002;Futaleufú Ad.;43&deg 11' 20'' S;347;2016;10;2;1.1;20.8
430002;Futaleufú Ad.;43&deg 11' 20'' S;347;2016;10;3;4.1;17.3
430002;Futaleufú Ad.;43&deg 11' 20'' S;347;2016;10;4;4.1;13.0
430002;Futaleufú Ad.;43&deg 11' 20'' S;347;2016;10;5;1.5;12.7
430002;Futaleufú Ad.;43&deg 11' 20'' S;347;2016;10;6;5.6;14.6
430002;Futaleufú Ad.;43&deg 11' 20'' S;347;2016;10;7;1.6;16.5
430002;Futaleufú Ad.;43&deg 11' 20'' S;347;2016;10;8;1.4;10.7
430002;Futaleufú Ad.;43&deg 11' 20'' S;347;2016;10;9;2.8;12.7
430002;Futaleufú Ad.;43&deg 11' 20'' S;347;2016;10;10;-0.7;13.0
430002;Futaleufú Ad.;43&deg 11' 20'' S;347;2016;10;11;5.2;11.8
430002;Futaleufú Ad.;43&deg 11' 20'' S;347;2016;10;12;6.1;7.7
430002;Futaleufú Ad.;43&deg 11' 20'' S;347;2016;10;13;3.3;9.6
430002;Futaleufú Ad.;43&deg 11' 20'' S;347;2016;10;14;4.1;12.0
430002;Futaleufú Ad.;43&deg 11' 20'' S;347;2016;10;15;3.1;8.6
430002;Futaleufú Ad.;43&deg 11' 20'' S;347;2016;10;16;6.1;9.0
430002;Futaleufú Ad.;43&deg 11' 20'' S;347;2016;10;17;6.1;11.3
430002;Futaleufú Ad.;43&deg 11' 20'' S;347;2016;10;18;4.1;15.4
430002;Futaleufú Ad.;43&deg 11' 20'' S;347;2016;10;19;1.4;21.7
430002;Futaleufú Ad.;43&deg 11' 20'' S;347;2016;10;20;2.0;22.6
430002;Futaleufú Ad.;43&deg 11' 20'' S;347;2016;10;21;2.9;21.5
430002;Futaleufú Ad.;43&deg 11' 20'' S;347;2016;10;22;3.7;23.3
430002;Futaleufú Ad.;43&deg 11' 20'' S;347;2016;10;23;6.8;22.6
430002;Futaleufú Ad.;43&deg 11' 20'' S;347;2016;10;24;10.8;18.8
430002;Futaleufú Ad.;43&deg 11' 20'' S;347;2016;10;25;7.1;19.9
430002;Futaleufú Ad.;43&deg 11' 20'' S;347;2016;10;26;6.8;21.6
430002;Futaleufú Ad.;43&deg 11' 20'' S;347;2016;10;27;2.7;26.5
430002;Futaleufú Ad.;43&deg 11' 20'' S;347;2016;10;28;7.0;21.4
430002;Futaleufú Ad.;43&deg 11' 20'' S;347;2016;10;29;8.2;18.8
430002;Futaleufú Ad.;43&deg 11' 20'' S;347;2016;10;30;0.0;17.3
430002;Futaleufú Ad.;43&deg 11' 20'' S;347;2016;10;31;6.3;9.6
430004;Alto Palena Ad.;43&deg 36' 42'' S;281;2016;10;1;3.7;16.5
430004;Alto Palena Ad.;43&deg 36' 42'' S;281;2016;10;2;0.5;20.9
430004;Alto Palena Ad.;43&deg 36' 42'' S;281;2016;10;3;3.1;17.9
430004;Alto Palena Ad.;43&deg 36' 42'' S;281;2016;10;4;5.2;13.9
430004;Alto Palena Ad.;43&deg 36' 42'' S;281;2016;10;5;1.7;13.2
430004;Alto Palena Ad.;43&deg 36' 42'' S;281;2016;10;6;6.3;15.1
430004;Alto Palena Ad.;43&deg 36' 42'' S;281;2016;10;7;0.0;16.7
430004;Alto Palena Ad.;43&deg 36' 42'' S;281;2016;10;8;0.1;8.5
430004;Alto Palena Ad.;43&deg 36' 42'' S;281;2016;10;9;1.4;13.6
430004;Alto Palena Ad.;43&deg 36' 42'' S;281;2016;10;10;-0.4;14.1
430004;Alto Palena Ad.;43&deg 36' 42'' S;281;2016;10;11;6.0;9.1
430004;Alto Palena Ad.;43&deg 36' 42'' S;281;2016;10;12;6.1;6.9
430004;Alto Palena Ad.;43&deg 36' 42'' S;281;2016;10;13;3.9;10.6
430004;Alto Palena Ad.;43&deg 36' 42'' S;281;2016;10;14;3.6;12.4
430004;Alto Palena Ad.;43&deg 36' 42'' S;281;2016;10;15;1.8;11.6
430004;Alto Palena Ad.;43&deg 36' 42'' S;281;2016;10;16;6.6;11.7
430004;Alto Palena Ad.;43&deg 36' 42'' S;281;2016;10;17;6.4;13.0
430004;Alto Palena Ad.;43&deg 36' 42'' S;281;2016;10;18;4.9;17.6
430004;Alto Palena Ad.;43&deg 36' 42'' S;281;2016;10;19;1.8;22.0
430004;Alto Palena Ad.;43&deg 36' 42'' S;281;2016;10;20;2.2;22.7
430004;Alto Palena Ad.;43&deg 36' 42'' S;281;2016;10;21;1.6;21.7
430004;Alto Palena Ad.;43&deg 36' 42'' S;281;2016;10;22;4.5;23.4
430004;Alto Palena Ad.;43&deg 36' 42'' S;281;2016;10;23;5.3;23.2
430004;Alto Palena Ad.;43&deg 36' 42'' S;281;2016;10;24;10.0;19.0
430004;Alto Palena Ad.;43&deg 36' 42'' S;281;2016;10;25;8.5;19.6
430004;Alto Palena Ad.;43&deg 36' 42'' S;281;2016;10;26;7.5;22.0
430004;Alto Palena Ad.;43&deg 36' 42'' S;281;2016;10;27;7.5;26.8
430004;Alto Palena Ad.;43&deg 36' 42'' S;281;2016;10;28;3.2;20.9
430004;Alto Palena Ad.;43&deg 36' 42'' S;281;2016;10;29;-;18.9
430004;Alto Palena Ad.;43&deg 36' 42'' S;281;2016;10;30;-;17.0
430004;Alto Palena Ad.;43&deg 36' 42'' S;281;2016;10;31;-;12.4
450001;Puerto Aysén Ad.;45&deg 23' 58'' S;11;2016;10;1;8.9;14.5
450001;Puerto Aysén Ad.;45&deg 23' 58'' S;11;2016;10;2;6.6;13.5
450001;Puerto Aysén Ad.;45&deg 23' 58'' S;11;2016;10;3;5.2;15.9
450001;Puerto Aysén Ad.;45&deg 23' 58'' S;11;2016;10;4;8.0;14.0
450001;Puerto Aysén Ad.;45&deg 23' 58'' S;11;2016;10;5;5.9;12.5
450001;Puerto Aysén Ad.;45&deg 23' 58'' S;11;2016;10;6;6.3;14.5
450001;Puerto Aysén Ad.;45&deg 23' 58'' S;11;2016;10;7;6.1;13.9
450001;Puerto Aysén Ad.;45&deg 23' 58'' S;11;2016;10;8;4.9;11.9
450001;Puerto Aysén Ad.;45&deg 23' 58'' S;11;2016;10;9;3.4;11.2
450001;Puerto Aysén Ad.;45&deg 23' 58'' S;11;2016;10;10;6.7;11.3
450001;Puerto Aysén Ad.;45&deg 23' 58'' S;11;2016;10;11;6.0;11.9
450001;Puerto Aysén Ad.;45&deg 23' 58'' S;11;2016;10;12;6.9;10.1
450001;Puerto Aysén Ad.;45&deg 23' 58'' S;11;2016;10;13;5.2;9.3
450001;Puerto Aysén Ad.;45&deg 23' 58'' S;11;2016;10;14;5.1;11.9
450001;Puerto Aysén Ad.;45&deg 23' 58'' S;11;2016;10;15;-0.8;15.0
450001;Puerto Aysén Ad.;45&deg 23' 58'' S;11;2016;10;16;1.3;16.0
450001;Puerto Aysén Ad.;45&deg 23' 58'' S;11;2016;10;17;9.8;17.0
450001;Puerto Aysén Ad.;45&deg 23' 58'' S;11;2016;10;18;2.4;21.5
450001;Puerto Aysén Ad.;45&deg 23' 58'' S;11;2016;10;19;3.2;20.7
450001;Puerto Aysén Ad.;45&deg 23' 58'' S;11;2016;10;20;2.6;19.5
450001;Puerto Aysén Ad.;45&deg 23' 58'' S;11;2016;10;21;3.1;18.0
450001;Puerto Aysén Ad.;45&deg 23' 58'' S;11;2016;10;22;3.2;21.0
450001;Puerto Aysén Ad.;45&deg 23' 58'' S;11;2016;10;23;4.3;19.4
450001;Puerto Aysén Ad.;45&deg 23' 58'' S;11;2016;10;24;10.1;21.0
450001;Puerto Aysén Ad.;45&deg 23' 58'' S;11;2016;10;25;11.0;13.8
450001;Puerto Aysén Ad.;45&deg 23' 58'' S;11;2016;10;26;5.3;17.7
450001;Puerto Aysén Ad.;45&deg 23' 58'' S;11;2016;10;27;4.0;21.2
450001;Puerto Aysén Ad.;45&deg 23' 58'' S;11;2016;10;28;9.0;14.0
450001;Puerto Aysén Ad.;45&deg 23' 58'' S;11;2016;10;29;9.8;15.5
450001;Puerto Aysén Ad.;45&deg 23' 58'' S;11;2016;10;30;6.1;12.9
450001;Puerto Aysén Ad.;45&deg 23' 58'' S;11;2016;10;31;6.4;10.9
450004;Teniente Vidal, Coyhaique Ad.;45&deg 35' 38'' S;310;2016;10;1;6.9;14.1
450004;Teniente Vidal, Coyhaique Ad.;45&deg 35' 38'' S;310;2016;10;2;4.4;13.3
450004;Teniente Vidal, Coyhaique Ad.;45&deg 35' 38'' S;310;2016;10;3;3.2;14.3
450004;Teniente Vidal, Coyhaique Ad.;45&deg 35' 38'' S;310;2016;10;4;2.7;13.1
450004;Teniente Vidal, Coyhaique Ad.;45&deg 35' 38'' S;310;2016;10;5;3.5;11.8
450004;Teniente Vidal, Coyhaique Ad.;45&deg 35' 38'' S;310;2016;10;6;3.9;14.3
450004;Teniente Vidal, Coyhaique Ad.;45&deg 35' 38'' S;310;2016;10;7;0.0;14.3
450004;Teniente Vidal, Coyhaique Ad.;45&deg 35' 38'' S;310;2016;10;8;1.6;11.0
450004;Teniente Vidal, Coyhaique Ad.;45&deg 35' 38'' S;310;2016;10;9;0.6;10.5
450004;Teniente Vidal, Coyhaique Ad.;45&deg 35' 38'' S;310;2016;10;10;5.7;13.1
450004;Teniente Vidal, Coyhaique Ad.;45&deg 35' 38'' S;310;2016;10;11;5.1;12.3
450004;Teniente Vidal, Coyhaique Ad.;45&deg 35' 38'' S;310;2016;10;12;3.1;8.0
450004;Teniente Vidal, Coyhaique Ad.;45&deg 35' 38'' S;310;2016;10;13;3.2;10.5
450004;Teniente Vidal, Coyhaique Ad.;45&deg 35' 38'' S;310;2016;10;14;3.8;12.2
450004;Teniente Vidal, Coyhaique Ad.;45&deg 35' 38'' S;310;2016;10;15;-2.4;14.1
450004;Teniente Vidal, Coyhaique Ad.;45&deg 35' 38'' S;310;2016;10;16;-0.2;14.0
450004;Teniente Vidal, Coyhaique Ad.;45&deg 35' 38'' S;310;2016;10;17;5.8;16.4
450004;Teniente Vidal, Coyhaique Ad.;45&deg 35' 38'' S;310;2016;10;18;-1.2;19.3
450004;Teniente Vidal, Coyhaique Ad.;45&deg 35' 38'' S;310;2016;10;19;-0.1;21.3
450004;Teniente Vidal, Coyhaique Ad.;45&deg 35' 38'' S;310;2016;10;20;6.0;21.1
450004;Teniente Vidal, Coyhaique Ad.;45&deg 35' 38'' S;310;2016;10;21;4.6;18.0
450004;Teniente Vidal, Coyhaique Ad.;45&deg 35' 38'' S;310;2016;10;22;5.5;21.9
450004;Teniente Vidal, Coyhaique Ad.;45&deg 35' 38'' S;310;2016;10;23;4.3;23.1
450004;Teniente Vidal, Coyhaique Ad.;45&deg 35' 38'' S;310;2016;10;24;9.4;21.8
450004;Teniente Vidal, Coyhaique Ad.;45&deg 35' 38'' S;310;2016;10;25;9.5;17.0
450004;Teniente Vidal, Coyhaique Ad.;45&deg 35' 38'' S;310;2016;10;26;3.3;19.3
450004;Teniente Vidal, Coyhaique Ad.;45&deg 35' 38'' S;310;2016;10;27;5.6;23.0
450004;Teniente Vidal, Coyhaique Ad.;45&deg 35' 38'' S;310;2016;10;28;8.8;15.9
450004;Teniente Vidal, Coyhaique Ad.;45&deg 35' 38'' S;310;2016;10;29;8.5;17.0
450004;Teniente Vidal, Coyhaique Ad.;45&deg 35' 38'' S;310;2016;10;30;5.1;14.1
450004;Teniente Vidal, Coyhaique Ad.;45&deg 35' 38'' S;310;2016;10;31;2.9;8.9
450005;Balmaceda Ad.;45&deg 54' 46'' S;517;2016;10;1;5.5;12.9
450005;Balmaceda Ad.;45&deg 54' 46'' S;517;2016;10;2;0.0;13.5
450005;Balmaceda Ad.;45&deg 54' 46'' S;517;2016;10;3;0.2;14.5
450005;Balmaceda Ad.;45&deg 54' 46'' S;517;2016;10;4;3.3;13.4
450005;Balmaceda Ad.;45&deg 54' 46'' S;517;2016;10;5;0.7;11.4
450005;Balmaceda Ad.;45&deg 54' 46'' S;517;2016;10;6;2.0;14.9
450005;Balmaceda Ad.;45&deg 54' 46'' S;517;2016;10;7;-4.4;13.4
450005;Balmaceda Ad.;45&deg 54' 46'' S;517;2016;10;8;1.3;10.4
450005;Balmaceda Ad.;45&deg 54' 46'' S;517;2016;10;9;0.7;10.5
450005;Balmaceda Ad.;45&deg 54' 46'' S;517;2016;10;10;4.9;12.5
450005;Balmaceda Ad.;45&deg 54' 46'' S;517;2016;10;11;3.5;11.5
450005;Balmaceda Ad.;45&deg 54' 46'' S;517;2016;10;12;2.1;7.2
450005;Balmaceda Ad.;45&deg 54' 46'' S;517;2016;10;13;1.9;7.7
450005;Balmaceda Ad.;45&deg 54' 46'' S;517;2016;10;14;2.3;11.0
450005;Balmaceda Ad.;45&deg 54' 46'' S;517;2016;10;15;-6.3;13.6
450005;Balmaceda Ad.;45&deg 54' 46'' S;517;2016;10;16;-1.6;14.2
450005;Balmaceda Ad.;45&deg 54' 46'' S;517;2016;10;17;3.8;15.2
450005;Balmaceda Ad.;45&deg 54' 46'' S;517;2016;10;18;-4.0;17.8
450005;Balmaceda Ad.;45&deg 54' 46'' S;517;2016;10;19;-4.3;20.4
450005;Balmaceda Ad.;45&deg 54' 46'' S;517;2016;10;20;-1.4;20.1
450005;Balmaceda Ad.;45&deg 54' 46'' S;517;2016;10;21;10.6;17.0
450005;Balmaceda Ad.;45&deg 54' 46'' S;517;2016;10;22;0.7;21.8
450005;Balmaceda Ad.;45&deg 54' 46'' S;517;2016;10;23;1.1;24.4
450005;Balmaceda Ad.;45&deg 54' 46'' S;517;2016;10;24;6.9;20.7
450005;Balmaceda Ad.;45&deg 54' 46'' S;517;2016;10;25;9.3;15.5
450005;Balmaceda Ad.;45&deg 54' 46'' S;517;2016;10;26;2.3;18.3
450005;Balmaceda Ad.;45&deg 54' 46'' S;517;2016;10;27;4.9;21.5
450005;Balmaceda Ad.;45&deg 54' 46'' S;517;2016;10;28;8.1;15.3
450005;Balmaceda Ad.;45&deg 54' 46'' S;517;2016;10;29;6.3;15.2
450005;Balmaceda Ad.;45&deg 54' 46'' S;517;2016;10;30;3.3;13.7
450005;Balmaceda Ad.;45&deg 54' 46'' S;517;2016;10;31;3.3;8.8
460001;Chile Chico Ad.;46&deg 34' 51'' S;306;2016;10;1;6.7;16.0
460001;Chile Chico Ad.;46&deg 34' 51'' S;306;2016;10;2;0.9;15.2
460001;Chile Chico Ad.;46&deg 34' 51'' S;306;2016;10;3;4.6;15.2
460001;Chile Chico Ad.;46&deg 34' 51'' S;306;2016;10;4;1.2;16.4
460001;Chile Chico Ad.;46&deg 34' 51'' S;306;2016;10;5;-1.2;12.8
460001;Chile Chico Ad.;46&deg 34' 51'' S;306;2016;10;6;0.2;16.9
460001;Chile Chico Ad.;46&deg 34' 51'' S;306;2016;10;7;-2.2;14.3
460001;Chile Chico Ad.;46&deg 34' 51'' S;306;2016;10;8;-1.7;14.2
460001;Chile Chico Ad.;46&deg 34' 51'' S;306;2016;10;9;-2.9;14.7
460001;Chile Chico Ad.;46&deg 34' 51'' S;306;2016;10;10;3.3;16.4
460001;Chile Chico Ad.;46&deg 34' 51'' S;306;2016;10;11;0.5;14.6
460001;Chile Chico Ad.;46&deg 34' 51'' S;306;2016;10;12;3.0;10.2
460001;Chile Chico Ad.;46&deg 34' 51'' S;306;2016;10;13;4.4;13.6
460001;Chile Chico Ad.;46&deg 34' 51'' S;306;2016;10;14;2.8;13.8
460001;Chile Chico Ad.;46&deg 34' 51'' S;306;2016;10;15;-4.2;14.6
460001;Chile Chico Ad.;46&deg 34' 51'' S;306;2016;10;16;0.0;15.8
460001;Chile Chico Ad.;46&deg 34' 51'' S;306;2016;10;17;6.2;16.9
460001;Chile Chico Ad.;46&deg 34' 51'' S;306;2016;10;18;0.3;19.3
460001;Chile Chico Ad.;46&deg 34' 51'' S;306;2016;10;19;1.5;22.8
460001;Chile Chico Ad.;46&deg 34' 51'' S;306;2016;10;20;0.7;24.0
460001;Chile Chico Ad.;46&deg 34' 51'' S;306;2016;10;21;2.9;21.5
460001;Chile Chico Ad.;46&deg 34' 51'' S;306;2016;10;22;2.4;19.6
460001;Chile Chico Ad.;46&deg 34' 51'' S;306;2016;10;23;4.2;23.9
460001;Chile Chico Ad.;46&deg 34' 51'' S;306;2016;10;24;7.0;25.5
460001;Chile Chico Ad.;46&deg 34' 51'' S;306;2016;10;25;8.7;20.6
460001;Chile Chico Ad.;46&deg 34' 51'' S;306;2016;10;26;4.7;21.2
460001;Chile Chico Ad.;46&deg 34' 51'' S;306;2016;10;27;2.5;24.9
460001;Chile Chico Ad.;46&deg 34' 51'' S;306;2016;10;28;6.4;20.5
460001;Chile Chico Ad.;46&deg 34' 51'' S;306;2016;10;29;2.8;19.3
460001;Chile Chico Ad.;46&deg 34' 51'' S;306;2016;10;30;0.0;17.6
460001;Chile Chico Ad.;46&deg 34' 51'' S;306;2016;10;31;7.3;14.0
470001;Lord Cochrane Ad.;47&deg 14' 38'' S;204;2016;10;1;6.1;16.8
470001;Lord Cochrane Ad.;47&deg 14' 38'' S;204;2016;10;2;4.4;16.5
470001;Lord Cochrane Ad.;47&deg 14' 38'' S;204;2016;10;3;6.1;16.4
470001;Lord Cochrane Ad.;47&deg 14' 38'' S;204;2016;10;4;5.7;16.6
470001;Lord Cochrane Ad.;47&deg 14' 38'' S;204;2016;10;5;1.8;13.6
470001;Lord Cochrane Ad.;47&deg 14' 38'' S;204;2016;10;6;4.7;15.7
470001;Lord Cochrane Ad.;47&deg 14' 38'' S;204;2016;10;7;-0.2;15.7
470001;Lord Cochrane Ad.;47&deg 14' 38'' S;204;2016;10;8;0.7;13.4
470001;Lord Cochrane Ad.;47&deg 14' 38'' S;204;2016;10;9;-1.2;13.3
470001;Lord Cochrane Ad.;47&deg 14' 38'' S;204;2016;10;10;4.0;12.6
470001;Lord Cochrane Ad.;47&deg 14' 38'' S;204;2016;10;11;3.4;13.6
470001;Lord Cochrane Ad.;47&deg 14' 38'' S;204;2016;10;12;3.1;8.4
470001;Lord Cochrane Ad.;47&deg 14' 38'' S;204;2016;10;13;2.1;12.3
470001;Lord Cochrane Ad.;47&deg 14' 38'' S;204;2016;10;14;2.1;11.8
470001;Lord Cochrane Ad.;47&deg 14' 38'' S;204;2016;10;15;-0.3;13.0
470001;Lord Cochrane Ad.;47&deg 14' 38'' S;204;2016;10;16;-2.1;16.5
470001;Lord Cochrane Ad.;47&deg 14' 38'' S;204;2016;10;17;-2.1;18.6
470001;Lord Cochrane Ad.;47&deg 14' 38'' S;204;2016;10;18;2.3;21.5
470001;Lord Cochrane Ad.;47&deg 14' 38'' S;204;2016;10;19;2.3;22.3
470001;Lord Cochrane Ad.;47&deg 14' 38'' S;204;2016;10;20;4.1;22.1
470001;Lord Cochrane Ad.;47&deg 14' 38'' S;204;2016;10;21;6.2;21.0
470001;Lord Cochrane Ad.;47&deg 14' 38'' S;204;2016;10;22;4.3;22.6
470001;Lord Cochrane Ad.;47&deg 14' 38'' S;204;2016;10;23;4.3;26.2
470001;Lord Cochrane Ad.;47&deg 14' 38'' S;204;2016;10;24;8.5;24.4
470001;Lord Cochrane Ad.;47&deg 14' 38'' S;204;2016;10;25;8.9;15.7
470001;Lord Cochrane Ad.;47&deg 14' 38'' S;204;2016;10;26;4.8;18.8
470001;Lord Cochrane Ad.;47&deg 14' 38'' S;204;2016;10;27;6.0;21.0
470001;Lord Cochrane Ad.;47&deg 14' 38'' S;204;2016;10;28;7.4;16.1
470001;Lord Cochrane Ad.;47&deg 14' 38'' S;204;2016;10;29;2.8;18.6
470001;Lord Cochrane Ad.;47&deg 14' 38'' S;204;2016;10;30;-0.4;17.5
470001;Lord Cochrane Ad.;47&deg 14' 38'' S;204;2016;10;31;4.1;13.1
510005;Teniente Gallardo, Puerto Natales Ad.;51&deg 40' 2'' S;69;2016;10;1;3.6;10.7
510005;Teniente Gallardo, Puerto Natales Ad.;51&deg 40' 2'' S;69;2016;10;2;-2.5;13.8
510005;Teniente Gallardo, Puerto Natales Ad.;51&deg 40' 2'' S;69;2016;10;3;4.4;12.3
510005;Teniente Gallardo, Puerto Natales Ad.;51&deg 40' 2'' S;69;2016;10;4;0.3;13.5
510005;Teniente Gallardo, Puerto Natales Ad.;51&deg 40' 2'' S;69;2016;10;5;-5.1;12.5
510005;Teniente Gallardo, Puerto Natales Ad.;51&deg 40' 2'' S;69;2016;10;6;-1.8;13.0
510005;Teniente Gallardo, Puerto Natales Ad.;51&deg 40' 2'' S;69;2016;10;7;-6.5;14.0
510005;Teniente Gallardo, Puerto Natales Ad.;51&deg 40' 2'' S;69;2016;10;8;-2.0;8.2
510005;Teniente Gallardo, Puerto Natales Ad.;51&deg 40' 2'' S;69;2016;10;9;-3.8;11.5
510005;Teniente Gallardo, Puerto Natales Ad.;51&deg 40' 2'' S;69;2016;10;10;2.2;13.8
510005;Teniente Gallardo, Puerto Natales Ad.;51&deg 40' 2'' S;69;2016;10;11;-1.5;10.4
510005;Teniente Gallardo, Puerto Natales Ad.;51&deg 40' 2'' S;69;2016;10;12;0.8;10.8
510005;Teniente Gallardo, Puerto Natales Ad.;51&deg 40' 2'' S;69;2016;10;13;-0.1;3.2
510005;Teniente Gallardo, Puerto Natales Ad.;51&deg 40' 2'' S;69;2016;10;14;-0.6;9.5
510005;Teniente Gallardo, Puerto Natales Ad.;51&deg 40' 2'' S;69;2016;10;15;2.1;11.3
510005;Teniente Gallardo, Puerto Natales Ad.;51&deg 40' 2'' S;69;2016;10;16;-1.0;10.4
510005;Teniente Gallardo, Puerto Natales Ad.;51&deg 40' 2'' S;69;2016;10;17;-3.7;15.2
510005;Teniente Gallardo, Puerto Natales Ad.;51&deg 40' 2'' S;69;2016;10;18;-2.0;17.4
510005;Teniente Gallardo, Puerto Natales Ad.;51&deg 40' 2'' S;69;2016;10;19;-1.2;17.1
510005;Teniente Gallardo, Puerto Natales Ad.;51&deg 40' 2'' S;69;2016;10;20;8.4;13.6
510005;Teniente Gallardo, Puerto Natales Ad.;51&deg 40' 2'' S;69;2016;10;21;7.8;14.2
510005;Teniente Gallardo, Puerto Natales Ad.;51&deg 40' 2'' S;69;2016;10;22;3.9;14.1
510005;Teniente Gallardo, Puerto Natales Ad.;51&deg 40' 2'' S;69;2016;10;23;-3.0;19.9
510005;Teniente Gallardo, Puerto Natales Ad.;51&deg 40' 2'' S;69;2016;10;24;1.6;20.3
510005;Teniente Gallardo, Puerto Natales Ad.;51&deg 40' 2'' S;69;2016;10;25;8.3;15.1
510005;Teniente Gallardo, Puerto Natales Ad.;51&deg 40' 2'' S;69;2016;10;26;4.8;15.6
510005;Teniente Gallardo, Puerto Natales Ad.;51&deg 40' 2'' S;69;2016;10;27;4.2;18.7
510005;Teniente Gallardo, Puerto Natales Ad.;51&deg 40' 2'' S;69;2016;10;28;4.8;15.1
510005;Teniente Gallardo, Puerto Natales Ad.;51&deg 40' 2'' S;69;2016;10;29;3.2;13.0
510005;Teniente Gallardo, Puerto Natales Ad.;51&deg 40' 2'' S;69;2016;10;30;4.0;18.2
510005;Teniente Gallardo, Puerto Natales Ad.;51&deg 40' 2'' S;69;2016;10;31;3.1;12.8
520006;Carlos Ibañez, Punta Arenas Ap.;53&deg 0' 12'' S;38;2016;10;1;5.3;8.3
520006;Carlos Ibañez, Punta Arenas Ap.;53&deg 0' 12'' S;38;2016;10;2;2.1;8.4
520006;Carlos Ibañez, Punta Arenas Ap.;53&deg 0' 12'' S;38;2016;10;3;6.1;9.3
520006;Carlos Ibañez, Punta Arenas Ap.;53&deg 0' 12'' S;38;2016;10;4;4.0;12.1
520006;Carlos Ibañez, Punta Arenas Ap.;53&deg 0' 12'' S;38;2016;10;5;-0.1;10.6
520006;Carlos Ibañez, Punta Arenas Ap.;53&deg 0' 12'' S;38;2016;10;6;2.3;13.4
520006;Carlos Ibañez, Punta Arenas Ap.;53&deg 0' 12'' S;38;2016;10;7;-1.3;11.1
520006;Carlos Ibañez, Punta Arenas Ap.;53&deg 0' 12'' S;38;2016;10;8;5.1;8.7
520006;Carlos Ibañez, Punta Arenas Ap.;53&deg 0' 12'' S;38;2016;10;9;0.5;10.7
520006;Carlos Ibañez, Punta Arenas Ap.;53&deg 0' 12'' S;38;2016;10;10;3.5;14.4
520006;Carlos Ibañez, Punta Arenas Ap.;53&deg 0' 12'' S;38;2016;10;11;-0.1;10.9
520006;Carlos Ibañez, Punta Arenas Ap.;53&deg 0' 12'' S;38;2016;10;12;2.4;9.7
520006;Carlos Ibañez, Punta Arenas Ap.;53&deg 0' 12'' S;38;2016;10;13;0.1;4.1
520006;Carlos Ibañez, Punta Arenas Ap.;53&deg 0' 12'' S;38;2016;10;14;-0.7;8.6
520006;Carlos Ibañez, Punta Arenas Ap.;53&deg 0' 12'' S;38;2016;10;15;3.5;9.5
520006;Carlos Ibañez, Punta Arenas Ap.;53&deg 0' 12'' S;38;2016;10;16;-0.8;11.1
520006;Carlos Ibañez, Punta Arenas Ap.;53&deg 0' 12'' S;38;2016;10;17;-0.2;10.1
520006;Carlos Ibañez, Punta Arenas Ap.;53&deg 0' 12'' S;38;2016;10;18;0.6;10.3
520006;Carlos Ibañez, Punta Arenas Ap.;53&deg 0' 12'' S;38;2016;10;19;4.0;12.4
520006;Carlos Ibañez, Punta Arenas Ap.;53&deg 0' 12'' S;38;2016;10;20;7.4;11.2
520006;Carlos Ibañez, Punta Arenas Ap.;53&deg 0' 12'' S;38;2016;10;21;5.3;12.6
520006;Carlos Ibañez, Punta Arenas Ap.;53&deg 0' 12'' S;38;2016;10;22;4.2;11.4
520006;Carlos Ibañez, Punta Arenas Ap.;53&deg 0' 12'' S;38;2016;10;23;1.1;18.4
520006;Carlos Ibañez, Punta Arenas Ap.;53&deg 0' 12'' S;38;2016;10;24;3.8;16.0
520006;Carlos Ibañez, Punta Arenas Ap.;53&deg 0' 12'' S;38;2016;10;25;6.9;13.5
520006;Carlos Ibañez, Punta Arenas Ap.;53&deg 0' 12'' S;38;2016;10;26;6.2;13.5
520006;Carlos Ibañez, Punta Arenas Ap.;53&deg 0' 12'' S;38;2016;10;27;7.2;16.0
520006;Carlos Ibañez, Punta Arenas Ap.;53&deg 0' 12'' S;38;2016;10;28;2.6;15.4
520006;Carlos Ibañez, Punta Arenas Ap.;53&deg 0' 12'' S;38;2016;10;29;5.0;15.8
520006;Carlos Ibañez, Punta Arenas Ap.;53&deg 0' 12'' S;38;2016;10;30;5.0;17.8
520006;Carlos Ibañez, Punta Arenas Ap.;53&deg 0' 12'' S;38;2016;10;31;4.5;11.4
530005;Fuentes Martínez, Porvenir Ad.;53&deg 15' 13'' S;25;2016;10;1;4.0;-
530005;Fuentes Martínez, Porvenir Ad.;53&deg 15' 13'' S;25;2016;10;3;6.4;12.4
530005;Fuentes Martínez, Porvenir Ad.;53&deg 15' 13'' S;25;2016;10;4;4.2;-
530005;Fuentes Martínez, Porvenir Ad.;53&deg 15' 13'' S;25;2016;10;5;-1.1;13.8
530005;Fuentes Martínez, Porvenir Ad.;53&deg 15' 13'' S;25;2016;10;6;2.9;14.0
530005;Fuentes Martínez, Porvenir Ad.;53&deg 15' 13'' S;25;2016;10;7;-1.1;14.2
530005;Fuentes Martínez, Porvenir Ad.;53&deg 15' 13'' S;25;2016;10;8;5.2;-
530005;Fuentes Martínez, Porvenir Ad.;53&deg 15' 13'' S;25;2016;10;10;-;12.3
530005;Fuentes Martínez, Porvenir Ad.;53&deg 15' 13'' S;25;2016;10;11;-0.7;9.8
530005;Fuentes Martínez, Porvenir Ad.;53&deg 15' 13'' S;25;2016;10;12;2.9;9.9
530005;Fuentes Martínez, Porvenir Ad.;53&deg 15' 13'' S;25;2016;10;13;0.9;6.2
530005;Fuentes Martínez, Porvenir Ad.;53&deg 15' 13'' S;25;2016;10;14;1.3;9.2
530005;Fuentes Martínez, Porvenir Ad.;53&deg 15' 13'' S;25;2016;10;15;4.2;-
530005;Fuentes Martínez, Porvenir Ad.;53&deg 15' 13'' S;25;2016;10;17;2.6;-
530005;Fuentes Martínez, Porvenir Ad.;53&deg 15' 13'' S;25;2016;10;18;-2.1;16.2
530005;Fuentes Martínez, Porvenir Ad.;53&deg 15' 13'' S;25;2016;10;19;2.4;11.6
530005;Fuentes Martínez, Porvenir Ad.;53&deg 15' 13'' S;25;2016;10;20;7.2;-
530005;Fuentes Martínez, Porvenir Ad.;53&deg 15' 13'' S;25;2016;10;21;6.5;-
530005;Fuentes Martínez, Porvenir Ad.;53&deg 15' 13'' S;25;2016;10;22;3.8;-
530005;Fuentes Martínez, Porvenir Ad.;53&deg 15' 13'' S;25;2016;10;24;1.8;15.9
530005;Fuentes Martínez, Porvenir Ad.;53&deg 15' 13'' S;25;2016;10;25;5.2;12.9
530005;Fuentes Martínez, Porvenir Ad.;53&deg 15' 13'' S;25;2016;10;26;5.1;13.9
530005;Fuentes Martínez, Porvenir Ad.;53&deg 15' 13'' S;25;2016;10;27;7.0;15.9
530005;Fuentes Martínez, Porvenir Ad.;53&deg 15' 13'' S;25;2016;10;28;-0.6;15.3
530005;Fuentes Martínez, Porvenir Ad.;53&deg 15' 13'' S;25;2016;10;29;3.4;15.3
530005;Fuentes Martínez, Porvenir Ad.;53&deg 15' 13'' S;25;2016;10;30;-;-
530005;Fuentes Martínez, Porvenir Ad.;53&deg 15' 13'' S;25;2016;10;31;5.4;-
530005;Fuentes Martínez, Porvenir Ad.;53&deg 15' 13'' S;25;2016;10;2;-;12.7
530005;Fuentes Martínez, Porvenir Ad.;53&deg 15' 13'' S;25;2016;10;23;-;18.1
550001;Guardia Marina Zañartu, Pto Williams Ad.;54&deg 55' 54'' S;15;2016;10;1;4.6;8.8
550001;Guardia Marina Zañartu, Pto Williams Ad.;54&deg 55' 54'' S;15;2016;10;2;3.7;13.9
550001;Guardia Marina Zañartu, Pto Williams Ad.;54&deg 55' 54'' S;15;2016;10;3;3.9;15.8
550001;Guardia Marina Zañartu, Pto Williams Ad.;54&deg 55' 54'' S;15;2016;10;4;6.5;10.6
550001;Guardia Marina Zañartu, Pto Williams Ad.;54&deg 55' 54'' S;15;2016;10;5;-0.5;12.3
550001;Guardia Marina Zañartu, Pto Williams Ad.;54&deg 55' 54'' S;15;2016;10;6;5.7;11.9
550001;Guardia Marina Zañartu, Pto Williams Ad.;54&deg 55' 54'' S;15;2016;10;7;4.5;12.4
550001;Guardia Marina Zañartu, Pto Williams Ad.;54&deg 55' 54'' S;15;2016;10;8;5.0;8.0
550001;Guardia Marina Zañartu, Pto Williams Ad.;54&deg 55' 54'' S;15;2016;10;9;4.2;11.3
550001;Guardia Marina Zañartu, Pto Williams Ad.;54&deg 55' 54'' S;15;2016;10;10;4.5;13.6
550001;Guardia Marina Zañartu, Pto Williams Ad.;54&deg 55' 54'' S;15;2016;10;11;-0.5;10.4
550001;Guardia Marina Zañartu, Pto Williams Ad.;54&deg 55' 54'' S;15;2016;10;12;0.0;10.2
550001;Guardia Marina Zañartu, Pto Williams Ad.;54&deg 55' 54'' S;15;2016;10;13;1.6;7.0
550001;Guardia Marina Zañartu, Pto Williams Ad.;54&deg 55' 54'' S;15;2016;10;14;-0.3;6.2
550001;Guardia Marina Zañartu, Pto Williams Ad.;54&deg 55' 54'' S;15;2016;10;15;3.8;8.8
550001;Guardia Marina Zañartu, Pto Williams Ad.;54&deg 55' 54'' S;15;2016;10;16;2.6;10.0
550001;Guardia Marina Zañartu, Pto Williams Ad.;54&deg 55' 54'' S;15;2016;10;17;5.0;13.5
550001;Guardia Marina Zañartu, Pto Williams Ad.;54&deg 55' 54'' S;15;2016;10;18;5.7;14.9
550001;Guardia Marina Zañartu, Pto Williams Ad.;54&deg 55' 54'' S;15;2016;10;19;2.9;11.3
550001;Guardia Marina Zañartu, Pto Williams Ad.;54&deg 55' 54'' S;15;2016;10;20;8.2;13.1
550001;Guardia Marina Zañartu, Pto Williams Ad.;54&deg 55' 54'' S;15;2016;10;21;6.2;11.0
550001;Guardia Marina Zañartu, Pto Williams Ad.;54&deg 55' 54'' S;15;2016;10;22;4.4;11.2
550001;Guardia Marina Zañartu, Pto Williams Ad.;54&deg 55' 54'' S;15;2016;10;23;4.2;13.8
550001;Guardia Marina Zañartu, Pto Williams Ad.;54&deg 55' 54'' S;15;2016;10;24;0.4;16.7
550001;Guardia Marina Zañartu, Pto Williams Ad.;54&deg 55' 54'' S;15;2016;10;25;5.5;14.3
550001;Guardia Marina Zañartu, Pto Williams Ad.;54&deg 55' 54'' S;15;2016;10;26;4.2;11.1
550001;Guardia Marina Zañartu, Pto Williams Ad.;54&deg 55' 54'' S;15;2016;10;27;4.5;15.7
550001;Guardia Marina Zañartu, Pto Williams Ad.;54&deg 55' 54'' S;15;2016;10;28;2.1;12.6
550001;Guardia Marina Zañartu, Pto Williams Ad.;54&deg 55' 54'' S;15;2016;10;29;2.3;15.6
550001;Guardia Marina Zañartu, Pto Williams Ad.;54&deg 55' 54'' S;15;2016;10;30;2.5;14.7
550001;Guardia Marina Zañartu, Pto Williams Ad.;54&deg 55' 54'' S;15;2016;10;31;4.9;9.7
950001;C.M.A. Eduardo Frei Montalva, Antártica ;62&deg 11' 35'' S;45;2016;10;1;-1.1;-0.2
950001;C.M.A. Eduardo Frei Montalva, Antártica ;62&deg 11' 35'' S;45;2016;10;2;-2.2;-0.1
950001;C.M.A. Eduardo Frei Montalva, Antártica ;62&deg 11' 35'' S;45;2016;10;3;-1.0;-0.1
950001;C.M.A. Eduardo Frei Montalva, Antártica ;62&deg 11' 35'' S;45;2016;10;4;-1.6;1.0
950001;C.M.A. Eduardo Frei Montalva, Antártica ;62&deg 11' 35'' S;45;2016;10;5;-2.4;0.1
950001;C.M.A. Eduardo Frei Montalva, Antártica ;62&deg 11' 35'' S;45;2016;10;6;-3.1;0.3
950001;C.M.A. Eduardo Frei Montalva, Antártica ;62&deg 11' 35'' S;45;2016;10;7;-0.7;0.1
950001;C.M.A. Eduardo Frei Montalva, Antártica ;62&deg 11' 35'' S;45;2016;10;8;-3.8;0.4
950001;C.M.A. Eduardo Frei Montalva, Antártica ;62&deg 11' 35'' S;45;2016;10;9;-4.3;-0.7
950001;C.M.A. Eduardo Frei Montalva, Antártica ;62&deg 11' 35'' S;45;2016;10;10;-1.7;-0.8
950001;C.M.A. Eduardo Frei Montalva, Antártica ;62&deg 11' 35'' S;45;2016;10;11;-2.7;0.2
950001;C.M.A. Eduardo Frei Montalva, Antártica ;62&deg 11' 35'' S;45;2016;10;12;-2.0;1.1
950001;C.M.A. Eduardo Frei Montalva, Antártica ;62&deg 11' 35'' S;45;2016;10;13;-3.4;-0.6
950001;C.M.A. Eduardo Frei Montalva, Antártica ;62&deg 11' 35'' S;45;2016;10;14;-4.0;-1.4
950001;C.M.A. Eduardo Frei Montalva, Antártica ;62&deg 11' 35'' S;45;2016;10;15;-6.3;-2.6
950001;C.M.A. Eduardo Frei Montalva, Antártica ;62&deg 11' 35'' S;45;2016;10;16;-8.0;-2.9
950001;C.M.A. Eduardo Frei Montalva, Antártica ;62&deg 11' 35'' S;45;2016;10;17;-7.3;-3.5
950001;C.M.A. Eduardo Frei Montalva, Antártica ;62&deg 11' 35'' S;45;2016;10;18;-4.5;-1.3
950001;C.M.A. Eduardo Frei Montalva, Antártica ;62&deg 11' 35'' S;45;2016;10;19;-1.5;-0.3
950001;C.M.A. Eduardo Frei Montalva, Antártica ;62&deg 11' 35'' S;45;2016;10;20;-1.3;-0.1
950001;C.M.A. Eduardo Frei Montalva, Antártica ;62&deg 11' 35'' S;45;2016;10;21;-4.1;-1.2
950001;C.M.A. Eduardo Frei Montalva, Antártica ;62&deg 11' 35'' S;45;2016;10;22;-5.3;-1.8
950001;C.M.A. Eduardo Frei Montalva, Antártica ;62&deg 11' 35'' S;45;2016;10;23;-4.6;-0.5
950001;C.M.A. Eduardo Frei Montalva, Antártica ;62&deg 11' 35'' S;45;2016;10;24;-2.9;0.9
950001;C.M.A. Eduardo Frei Montalva, Antártica ;62&deg 11' 35'' S;45;2016;10;25;-1.5;0.4
950001;C.M.A. Eduardo Frei Montalva, Antártica ;62&deg 11' 35'' S;45;2016;10;26;-0.9;0.2
950001;C.M.A. Eduardo Frei Montalva, Antártica ;62&deg 11' 35'' S;45;2016;10;27;-1.1;-0.1
950001;C.M.A. Eduardo Frei Montalva, Antártica ;62&deg 11' 35'' S;45;2016;10;28;-1.3;-0.1
950001;C.M.A. Eduardo Frei Montalva, Antártica ;62&deg 11' 35'' S;45;2016;10;29;-1.4;1.9
950001;C.M.A. Eduardo Frei Montalva, Antártica ;62&deg 11' 35'' S;45;2016;10;30;-1.0;2.5
950001;C.M.A. Eduardo Frei Montalva, Antártica ;62&deg 11' 35'' S;45;2016;10;31;-0.9;2.3
